GCF_000597845.1	PacBio
GCF_000599625.1	PacBio
GCF_000599645.1	PacBio
GCF_000599665.1	PacBio
GCF_000599685.1	PacBio
GCF_000599705.1	PacBio
GCF_000784925.1	PacBio RSII
GCF_000833635.2	PacBio
GCF_001007915.1	PacBio RS
GCF_001280325.1	PacBio
GCF_001280345.1	PacBio
GCF_001280385.1	PacBio
GCF_001280405.1	PacBio
GCF_001442495.1	PacBio
GCF_001469815.1	PacBio
GCF_001513615.1	PacBio
GCF_001513635.1	PacBio
GCF_001513655.1	PacBio
GCF_001566615.1	PacBio
GCF_001566635.1	PacBio
GCF_001566655.1	PacBio
GCF_001566675.1	PacBio
GCF_001577325.1	PacBio
GCF_001617565.1	PacBio
GCF_001618325.1	PacBio
GCF_001618345.2	PacBio
GCF_001618365.1	PacBio
GCF_001644725.1	PacBio
GCF_001644745.1	PacBio
GCF_001645235.2	PacBio
GCF_001660565.1	PacBio
GCF_001663475.1	PacBio RSII
GCF_001675145.1	PacBio RSII
GCF_001677475.2	PacBio RS
GCF_001677495.1	PacBio RS
GCF_001677515.1	PacBio RS
GCF_001678965.1	PacBio RS
GCF_001682305.2	PacBio
GCF_001683435.1	PacBio
GCF_001693315.1	PacBio RS
GCF_001693635.1	PacBio
GCF_001721205.1	PacBio
GCF_001721225.1	PacBio
GCF_001721525.1	PacBio
GCF_001723505.1	PacBio
GCF_001750845.1	PacBio
GCF_001860505.1	PacBio
GCF_001886935.1	PacBio
GCF_001890205.1	PacBio
GCF_001890225.1	PacBio
GCF_001890245.1	PacBio
GCF_001890265.1	PacBio
GCF_001890285.2	PacBio RSII
GCF_001890305.1	PacBio
GCF_001890325.1	PacBio
GCF_001890345.1	PacBio
GCF_001971765.1	PacBio
GCF_002007705.1	PacBio
GCF_002009315.1	PacBio
GCF_002011945.1	PacBio
GCF_002011965.1	PacBio
GCF_002011985.1	PacBio
GCF_002012005.1	PacBio
GCF_002012025.1	PacBio
GCF_002012045.1	PacBio
GCF_002012065.1	PacBio
GCF_002012085.1	PacBio
GCF_002012105.1	PacBio
GCF_002012125.1	PacBio
GCF_002012145.1	PacBio
GCF_002012165.1	PacBio
GCF_002012185.1	PacBio
GCF_002012205.1	PacBio
GCF_002012225.1	PacBio
GCF_002012245.1	PacBio
GCF_002012265.1	PacBio
GCF_002012305.1	PacBio
GCF_002055605.1	PacBio
GCF_002055635.1	PacBio RSII
GCF_002056065.1	PacBio RSII
GCF_002056145.1	PacBio RSII
GCF_002056635.1	PacBio RSII
GCF_002057245.1	PacBio
GCF_002057355.1	PacBio
GCF_002105735.1	PacBio
GCF_002116715.2	PacBio
GCF_002118095.1	SMRT PacBio
GCF_002142675.1	PacBio
GCF_002142695.1	PacBio
GCF_002142715.1	PacBio
GCF_002156825.1	PacBio
GCF_002156845.1	PacBio
GCF_002157245.1	PacBio
GCF_002163655.1	PacBio
GCF_002163695.1	PacBio
GCF_002163935.1	PacBio
GCF_002163955.1	PacBio
GCF_002180055.1	PacBio RSII
GCF_002180095.1	PacBio RSII
GCF_002180135.1	PacBio RSII
GCF_002180195.1	PacBio RSII
GCF_002180215.1	PacBio RSII
GCF_002180275.1	PacBio RSII
GCF_002192275.1	PacBio RSII
GCF_002192295.1	PacBio RSII
GCF_002193095.1	PacBio
GCF_002196475.1	PacBio
GCF_002196495.1	PacBio
GCF_002201835.1	PacBio RSII
GCF_002202175.1	PacBio RSII
GCF_002211725.1	PacBio
GCF_002214745.2	PacBio
GCF_002215115.1	PacBio
GCF_002220215.1	PacBio
GCF_002220265.1	PacBio
GCF_002249955.1	PacBio
GCF_002278115.2	PacBio
GCF_002285755.1	PacBio
GCF_002302315.1	PacBio
GCF_002302335.1	PacBio
GCF_002310555.1	PacBio
GCF_002310575.1	PacBio
GCF_002310595.1	PacBio
GCF_002310615.1	PacBio
GCF_002310635.1	PacBio
GCF_002310655.1	PacBio
GCF_002310675.1	PacBio
GCF_002310695.1	PacBio
GCF_002310715.1	PacBio
GCF_002310735.1	PacBio
GCF_002587005.1	PacBio
GCF_002741295.1	PacBio
GCF_002741335.1	PacBio
GCF_002741355.1	PacBio
GCF_002741535.1	PacBio
GCF_002741555.1	PacBio
GCF_002761835.1	Nanopore
GCF_002763995.1	PacBio
GCF_002764015.1	PacBio
GCF_002786655.1	PacBio
GCF_002787215.1	PacBio RSII
GCF_002787315.1	PacBio RSII
GCF_002787645.1	PacBio
GCF_002787935.1	PacBio
GCF_002788115.1	PacBio RSII
GCF_002788295.1	PacBio RSII
GCF_002796445.1	PacBio RSII
GCF_002796585.1	PacBio RSII
GCF_002803805.1	PacBio
GCF_002812545.1	PacBio
GCF_002844685.1	PacBio
GCF_002846135.1	PacBio RSII P6-C4
GCF_002848225.1	PacBio
GCF_002853655.1	PacBio
GCF_002853715.1	PacBio
GCF_002853805.1	PacBio
GCF_002853965.1	PacBio
GCF_002854065.1	PacBio
GCF_002855325.1	PacBio
GCF_002855415.1	PacBio
GCF_002860085.1	PacBio
GCF_002860105.1	PacBio
GCF_002863845.1	PacBio
GCF_002893905.2	PacBio
GCF_002899475.1	PacBio
GCF_002903105.1	PacBio RSII
GCF_002903125.1	PacBio RSII
GCF_002925525.1	PacBio
GCF_002934025.1	PacBio
GCF_002934895.1	PacBio RSII
GCF_002948655.1	PacBio RSII
GCF_002951655.1	PacBio
GCF_002951675.1	PacBio
GCF_002951695.1	PacBio
GCF_002951715.1	PacBio
GCF_002951735.1	PacBio
GCF_002951755.1	PacBio
GCF_002951775.1	PacBio
GCF_002951795.1	PacBio
GCF_002952095.1	PacBio
GCF_002952695.1	PacBio
GCF_002953455.1	PacBio RS II with P6-C4 chemistry
GCF_002968935.1	PacBio
GCF_002996945.1	PacBio RSII
GCF_003013205.1	PacBio
GCF_003017375.1	PacBio
GCF_003017455.1	PacBio
GCF_003017555.1	PacBio
GCF_003017615.1	PacBio
GCF_003017675.2	PacBio
GCF_003017765.1	PacBio
GCF_003017805.1	PacBio
GCF_003017915.1	PacBio
GCF_003017935.1	PacBio
GCF_003017955.1	PacBio
GCF_003017975.1	PacBio
GCF_003017995.1	PacBio
GCF_003018015.1	PacBio
GCF_003018035.1	PacBio
GCF_003018055.1	PacBio
GCF_003018075.1	PacBio
GCF_003018095.1	PacBio
GCF_003018115.1	PacBio
GCF_003018135.1	PacBio
GCF_003018155.1	PacBio
GCF_003018195.1	PacBio
GCF_003018215.1	PacBio
GCF_003018235.1	PacBio
GCF_003018255.1	PacBio
GCF_003018275.1	PacBio
GCF_003018315.1	PacBio
GCF_003018335.1	PacBio
GCF_003018355.1	PacBio
GCF_003018375.1	PacBio
GCF_003018395.1	PacBio
GCF_003018435.1	PacBio
GCF_003018455.1	PacBio
GCF_003018475.1	PacBio
GCF_003018495.1	PacBio
GCF_003018535.1	PacBio
GCF_003018555.1	PacBio
GCF_003018575.1	PacBio
GCF_003018595.1	PacBio
GCF_003018615.1	PacBio
GCF_003018635.1	PacBio
GCF_003018655.1	PacBio
GCF_003018695.1	PacBio
GCF_003018715.1	PacBio
GCF_003018755.1	PacBio
GCF_003018775.1	PacBio
GCF_003018795.1	PacBio
GCF_003018815.1	PacBio
GCF_003018835.2	PacBio
GCF_003018855.1	PacBio
GCF_003018875.1	PacBio
GCF_003018895.1	PacBio
GCF_003018915.1	PacBio
GCF_003018935.1	PacBio
GCF_003018955.1	PacBio
GCF_003018995.1	PacBio
GCF_003019015.1	PacBio
GCF_003019035.1	PacBio
GCF_003019055.1	PacBio
GCF_003019075.1	PacBio
GCF_003019095.1	PacBio
GCF_003019115.1	PacBio
GCF_003019155.1	PacBio
GCF_003019175.1	PacBio
GCF_003019195.1	PacBio
GCF_003019215.1	PacBio
GCF_003019235.1	PacBio
GCF_003020885.1	PacBio
GCF_003030025.1	PacBio
GCF_003030245.1	PacBio
GCF_003030365.1	PacBio
GCF_003031735.1	PacBio
GCF_003031775.1	PacBio
GCF_003031795.1	PacBio
GCF_003031815.1	PacBio
GCF_003033905.1	PacBio
GCF_003044015.1	PacBio
GCF_003076395.1	PacBio
GCF_003095635.1	PacBio
GCF_003111785.1	PacBio
GCF_003122105.1	PacBio
GCF_003204155.1	PacBio RSII
GCF_003204955.1	PacBio
GCF_003254065.1	PacBio
GCF_003290205.1	PacBio
GCF_003308955.1	PacBio
GCF_003308975.1	PacBio
GCF_003325975.1	PacBio
GCF_003336405.1	PacBio
GCF_003342715.1	PacBio
GCF_003344465.1	PacBio
GCF_003351485.1	PacBio
GCF_003352425.1	PacBio
GCF_003399775.2	PacBio
GCF_003399795.2	PacBio
GCF_003399845.2	PacBio
GCF_003399885.2	PacBio
GCF_003399895.2	PacBio
GCF_003399945.2	PacBio
GCF_003400045.2	PacBio
GCF_003402955.1	PacBio RSII
GCF_003410275.1	PacBio RSII
GCF_003432305.1	PacBio RSII
GCF_003443795.1	PacBio
GCF_003443815.1	PacBio
GCF_003491165.1	PacBio
GCF_003491265.1	PacBio
GCF_003571665.1	PacBio RSII
GCF_003571685.1	PacBio RSII
GCF_003571765.1	PacBio RSII
GCF_003571785.1	PacBio RSII
GCF_003571825.1	PacBio RSII
GCF_003667385.1	PacBio RSII
GCF_003667405.1	PacBio RSII
GCF_003667425.1	PacBio RSII
GCF_003703795.1	PacBio RSII
GCF_003711005.1	Oxford Nanopore MiniION
GCF_003717595.1	PacBio
GCF_003769125.1	PacBio
GCF_003790525.1	PacBio RSII
GCF_003813145.1	PacBio RSII
GCF_003856995.1	PacBio
GCF_003925895.1	PacBio RSII
GCF_003956165.1	PacBio
GCF_003956185.1	PacBio
GCF_003956205.1	PacBio
GCF_003956225.1	PacBio
GCF_003956245.1	PacBio
GCF_003956265.1	PacBio
GCF_003956285.1	PacBio
GCF_003956305.1	PacBio
GCF_003956325.1	PacBio
GCF_003956345.1	PacBio
GCF_003956365.1	PacBio
GCF_003956385.1	PacBio
GCF_003956405.1	PacBio
GCF_003956425.1	PacBio
GCF_003956445.1	PacBio
GCF_003956465.1	PacBio
GCF_003956485.1	PacBio
GCF_003966425.1	PacBio RSII
GCF_003966445.1	PacBio RSII
GCF_003966465.1	PacBio RSII
GCF_003966775.1	PacBio RS II
GCF_003971215.1	Oxford Nanopore MiniION
GCF_003999795.1	Oxford Nanopore MiniION
GCF_004006545.1	PacBio RSII
GCF_004006575.1	PacBio RSII
GCF_004010575.1	PacBio
GCF_004010595.1	PacBio
GCF_004010615.1	PacBio
GCF_004010635.1	PacBio
GCF_004010655.1	PacBio
GCF_004010675.1	PacBio
GCF_004010695.1	PacBio
GCF_004010715.1	PacBio
GCF_004114395.1	Oxford Nanopore MiniION
GCF_004135775.1	PacBio
GCF_004135815.1	PacBio
GCF_004135855.1	PacBio
GCF_004263675.1	Oxford Nanopore MinION
GCF_004281435.1	PacBio
GCF_004301465.1	PacBio Sequel
GCF_004358365.1	PacBio RSII
GCF_004358385.1	PacBio RSII
GCF_004358405.1	PacBio RSII
GCF_004358985.1	PacBio
GCF_004368015.1	PacBio
GCF_004377995.2	PacBio
GCF_004564035.1	PacBio Sequel
GCF_004564175.1	PacBio
GCF_004759025.1	PacBio
GCF_004804185.1	Oxford Nanopore MiniION
GCF_004804205.1	Oxford Nanopore MiniION
GCF_004924255.1	PacBio
GCF_004924275.1	PacBio
GCF_004924355.1	Oxford Nanopore GridION
GCF_005221505.1	PacBio
GCF_005221525.1	PacBio
GCF_005221545.1	PacBio
GCF_005221565.1	PacBio
GCF_005221585.1	PacBio
GCF_005221605.1	PacBio
GCF_005221625.1	PacBio
GCF_005221645.1	PacBio
GCF_005221665.1	PacBio
GCF_005221685.1	PacBio
GCF_005221705.1	PacBio
GCF_005221725.1	PacBio
GCF_005221745.1	PacBio
GCF_005221765.1	PacBio
GCF_005221785.1	PacBio
GCF_005221805.1	PacBio
GCF_005221825.1	PacBio
GCF_005221845.1	PacBio
GCF_005221865.1	PacBio
GCF_005221885.1	PacBio
GCF_005221905.1	PacBio
GCF_005221925.1	PacBio
GCF_005221945.1	PacBio
GCF_005221965.1	PacBio
GCF_005221985.1	PacBio
GCF_005222005.1	PacBio
GCF_005222025.1	PacBio
GCF_005222045.1	PacBio
GCF_005222065.1	PacBio
GCF_005222265.1	PacBio
GCF_005222285.1	PacBio
GCF_005222305.1	PacBio
GCF_005222325.1	PacBio
GCF_005222345.1	PacBio
GCF_005222365.1	PacBio
GCF_005222385.1	PacBio
GCF_005222405.1	PacBio
GCF_005222425.1	PacBio
GCF_005222445.1	PacBio
GCF_005890115.1	PacBio RSII
GCF_006088875.1	PacBio
GCF_006337025.1	PacBio RSII
GCF_006536085.2	Nanopore MinION
GCF_006537505.2	Nanopore MinION
GCF_006777065.1	PacBio
GCF_006777085.1	PacBio
GCF_006965465.1	PacBio RSII
GCF_007012305.1	PacBio Sequel
GCF_007632435.1	PacBio Sequel
GCF_007833875.1	PacBio Sequel
GCF_007954215.2	PacBio
GCF_007997855.1	Oxford Nanopore MiniION
GCF_007998005.1	Oxford Nanopore MiniION
GCF_007998065.1	Oxford Nanopore MiniION
GCF_007998085.1	Oxford Nanopore MiniION
GCF_007998125.1	Oxford Nanopore MiniION
GCF_008033295.1	PacBio
GCF_008033315.1	PacBio
GCF_008065435.1	PacBio RSII
GCF_008065455.1	PacBio RSII
GCF_008080655.1	Oxford Nanopore GridION
GCF_008761455.2	PacBio
GCF_008761475.2	PacBio
GCF_008761495.2	PacBio
GCF_008761515.1	PacBio
GCF_008761535.2	PacBio
GCF_008824125.1	PacBio
GCF_008925965.1	PacBio RSII
GCF_008926085.1	PacBio RSII
GCF_008926105.1	PacBio RSII
GCF_008926125.1	PacBio RSII
GCF_008926145.1	PacBio RSII
GCF_008926165.1	PacBio RSII
GCF_008926185.1	PacBio RSII
GCF_008926305.1	PacBio RSII
GCF_008931135.1	PacBio RSII
GCF_008931185.1	PacBio RSII
GCF_008949495.1	PacBio RSII
GCF_009363035.1	PacBio RSII
GCF_009431955.1	PacBio RSII
GCF_009432215.1	PacBio RSII
GCF_009432415.1	PacBio RSII
GCF_009432635.1	PacBio RSII
GCF_009663855.1	PacBio Sequel
GCF_009664305.1	Oxford Nanopore MiniION
GCF_009720465.1	Oxford Nanopore GridION
GCF_009738455.1	PacBio Sequel
GCF_009832985.1	PacBio Sequel
GCF_009866925.2	PacBio
GCF_009866945.2	PacBio
GCF_009867015.2	PacBio
GCF_009867035.2	PacBio
GCF_009948655.1	PacBio Sequel
GCF_009949145.1	PacBio Sequel
GCF_009949705.1	PacBio Sequel
GCF_009950125.1	PacBio Sequel
GCF_009950475.1	PacBio Sequel
GCF_009950805.1	PacBio Sequel
GCF_009951245.1	PacBio Sequel
GCF_009951745.1	PacBio Sequel
GCF_009952125.1	PacBio Sequel
GCF_010092965.1	Oxford Nanopore GridION
GCF_010365325.1	Oxford Nanopore/illumina minniseq
GCF_010365345.1	Oxford Nanopore/illumina minniseq
GCF_010365365.1	Oxford Nanopore/illumina minniseq
GCF_010365385.1	Oxford Nanopore/illumina minniseq
GCF_010365405.1	Oxford Nanopore/illumina minniseq
GCF_010365425.1	Oxford Nanopore/illumina minniseq
GCF_010365465.1	Oxford Nanopore/illumina minniseq
GCF_010365485.1	Oxford Nanopore/illumina minniseq
GCF_010365505.1	Oxford Nanopore/illumina minniseq
GCF_010365525.1	Oxford Nanopore/illumina minniseq
GCF_010365545.1	Oxford Nanopore/illumina minniseq
GCF_010668985.1	Oxford Nanopore MiniION
GCF_010669005.1	Oxford Nanopore MiniION
GCF_010669025.1	Oxford Nanopore MiniION
GCF_011045215.1	Oxford Nanopore MiniION
GCF_011045235.1	Oxford Nanopore MiniION
GCF_011045255.1	PacBio RSII
GCF_011045275.1	PacBio RSII
GCF_011045295.1	PacBio RSII
GCF_011045455.1	PacBio RSII
GCF_011045475.1	PacBio RSII
GCF_011067085.1	PacBio RSII
GCF_011330935.2	Oxford Nanopore GridION
GCF_011331065.1	Oxford Nanopore GridION
GCF_011331215.2	Oxford Nanopore GridION
GCF_011492925.1	PacBio Sequel
GCF_011769865.1	PacBio Sequel
GCF_011996085.1	Oxford Nanopore
GCF_012044775.1	Oxford Nanopore MiniION
GCF_012935215.1	PacBio RS
GCF_012974805.1	PacBio Sequel
GCF_013112335.1	Oxford Nanopore MiniION
GCF_013122565.1	Oxford Nanopore MiniION
GCF_013166855.1	PacBio RSII
GCF_013166875.1	PacBio RSII
GCF_013166895.1	PacBio RSII
GCF_013166915.1	PacBio RSII
GCF_013166935.1	PacBio RSII
GCF_013166955.1	PacBio RSII
GCF_013166995.1	PacBio RSII
GCF_013167035.1	PacBio RSII
GCF_013167055.1	PacBio RSII
GCF_013167075.1	PacBio RSII
GCF_013201505.1	Oxford Nanopore MiniION
GCF_013201525.1	Oxford Nanopore MiniION
GCF_013357365.1	PacBio
GCF_013376515.1	PacBio RSII
GCF_013388275.1	PacBio Sequel
GCF_013389615.1	PacBio
GCF_013391825.1	PacBio
GCF_013393825.1	Oxford Nanopore GridION
GCF_013459015.1	PacBio
GCF_013459175.1	PacBio
GCF_013694325.1	PacBio Sequel
GCF_013694465.1	PacBio Sequel
GCF_014075335.1	Oxford Nanopore MiniION
GCF_014075475.1	Oxford Nanopore MiniION
GCF_014075595.1	Oxford Nanopore MiniION
GCF_014075795.1	Oxford Nanopore MiniION
GCF_014075915.1	Oxford Nanopore MiniION
GCF_014170615.1	Oxford Nanopore MinION
GCF_014170675.1	Oxford Nanopore MinION
GCF_014170735.1	Oxford Nanopore MinION
GCF_014170975.1	Oxford Nanopore MinION
GCF_014295215.1	Oxford Nanopore MiniION
GCF_014295235.1	Oxford Nanopore MiniION
GCF_014295255.1	Oxford Nanopore MiniION
GCF_014295275.1	Oxford Nanopore MiniION
GCF_014295295.1	Oxford Nanopore MiniION
GCF_014295315.1	Oxford Nanopore MiniION
GCF_014605875.1	PacBio
GCF_014607515.1	PacBio
GCF_014825845.1	PacBio RSII
GCF_015033265.1	PacBio
GCF_015649805.1	PacBio Sequel
GCF_015843075.1	PacBio
GCF_016132505.1	PacBio RSII
GCF_016404405.2	Oxford Nanopore MinION
GCF_016598635.1	PacBio Sequel
GCF_016775805.1	Oxford Nanopore MiniION
GCF_016775825.1	Oxford Nanopore MiniION
GCF_016775845.1	Oxford Nanopore MiniION
GCF_016775865.1	Oxford Nanopore MiniION
GCF_016775885.1	Oxford Nanopore MiniION
GCF_016775905.1	Oxford Nanopore MiniION
GCF_016775925.1	Oxford Nanopore MiniION
GCF_016775945.1	Oxford Nanopore MiniION
GCF_016775965.1	Oxford Nanopore MiniION
GCF_016775985.1	Oxford Nanopore MiniION
GCF_016776005.1	Oxford Nanopore MiniION
GCF_016776025.1	Oxford Nanopore MiniION
GCF_016776045.1	Oxford Nanopore MiniION
GCF_016776065.1	Oxford Nanopore MiniION
GCF_016776085.1	Oxford Nanopore MiniION
GCF_016776105.1	Oxford Nanopore MiniION
GCF_016776125.1	Oxford Nanopore MiniION
GCF_016776145.1	Oxford Nanopore MiniION
GCF_016776165.1	Oxford Nanopore MiniION
GCF_016776185.1	Oxford Nanopore MiniION
GCF_016776205.1	Oxford Nanopore MiniION
GCF_016776225.1	Oxford Nanopore MiniION
GCF_016776245.1	Oxford Nanopore MiniION
GCF_016776265.1	Oxford Nanopore MiniION
GCF_016776285.1	Oxford Nanopore MiniION
GCF_016776305.1	Oxford Nanopore MiniION
GCF_016776325.1	Oxford Nanopore MiniION
GCF_016776345.1	Oxford Nanopore MiniION
GCF_016776365.1	Oxford Nanopore MiniION
GCF_016776385.1	Oxford Nanopore MiniION
GCF_016779865.1	Oxford Nanopore MiniION
GCF_016780285.1	Oxford Nanopore MiniION
GCF_016780415.1	Oxford Nanopore MiniION
GCF_016780575.1	Oxford Nanopore MiniION
GCF_016780725.1	Oxford Nanopore MinION
GCF_016806005.1	PacBio
GCF_016806025.1	PacBio
GCF_016806045.1	PacBio
GCF_016939795.1	PacBio Sequel
GCF_017348835.2	Oxford Nanopore
GCF_017357565.1	PacBio RSII
GCF_017357765.1	PacBio RSII
GCF_017603565.1	Oxford Nanopore MinION
GCF_017868515.1	PacBio
GCF_018075285.1	PacBio
GCF_018075305.1	PacBio
GCF_018199975.1	Oxford Nanopore
GCF_018223665.1	PacBio Sequel
GCF_018316615.1	Oxford Nanopore
GCF_018343835.1	Oxford Nanopore MinION
GCF_018417715.1	PacBio
GCF_018460065.1	PacBio Sequel
GCF_018499845.2	Oxford Nanopore GridION
GCF_018884265.1	PacBio RSII
GCF_018884285.1	PacBio RSII
GCF_018884305.1	PacBio RSII
GCF_018884325.1	PacBio RSII
GCF_018884345.1	PacBio RSII
GCF_018884365.1	PacBio RSII
GCF_018884385.1	PacBio RSII
GCF_018884405.1	PacBio RSII
GCF_018884425.1	PacBio RSII
GCF_018884465.1	PacBio RSII
GCF_018884485.1	PacBio RSII
GCF_018884505.1	PacBio RSII
GCF_018884525.1	PacBio RSII
GCF_018884545.1	PacBio RSII
GCF_018884565.1	PacBio RSII
GCF_018884585.1	PacBio RSII
GCF_018966845.1	PacBio
GCF_018968645.1	Oxford Nanopore GridION
GCF_018972205.1	Oxford Nanopore MiniION
GCF_018972225.1	Oxford Nanopore MiniION
GCF_018972245.1	Oxford Nanopore MiniION
GCF_018972265.1	Oxford Nanopore MiniION
GCF_019334645.1	PacBio
GCF_019334665.1	PacBio
GCF_019375055.2	Oxford Nanopore PromethION
GCF_019431145.1	Oxford Nanopore GridION
GCF_019431165.1	Oxford Nanopore GridION
GCF_019431185.1	Oxford Nanopore GridION
GCF_019844035.1	Oxford Nanopore
GCF_019915505.1	PacBio Sequel
GCF_019915525.1	PacBio Sequel
GCF_019915545.1	PacBio Sequel
GCF_019969485.1	Oxford Nanopore MiniION
GCF_019969505.1	Oxford Nanopore MiniION
GCF_019969525.1	Oxford Nanopore MiniION
GCF_019969545.1	Oxford Nanopore MiniION
GCF_019969565.1	Oxford Nanopore MiniION
GCF_019969585.1	Oxford Nanopore MiniION
GCF_019969605.1	Oxford Nanopore MiniION
GCF_019969625.1	Oxford Nanopore MiniION
GCF_019969645.1	Oxford Nanopore MiniION
GCF_019970895.1	Oxford Nanopore MiniION
GCF_019970955.1	Oxford Nanopore MiniION
GCF_019970975.1	Oxford Nanopore MiniION
GCF_019970995.1	Oxford Nanopore MiniION
GCF_019971015.1	Oxford Nanopore MiniION
GCF_019971035.1	Oxford Nanopore MiniION
GCF_019971055.1	Oxford Nanopore MiniION
GCF_019971075.1	Oxford Nanopore MiniION
GCF_019971115.1	Oxford Nanopore MiniION
GCF_019976835.1	PacBio RSII
GCF_019976915.1	PacBio RSII
GCF_020091645.1	Nanopore
GCF_020190405.1	PacBio Sequel
GCF_020388055.1	Oxford Nanopore MinION
GCF_020526825.1	Oxford Nanopore GridION/DNBSEQ
GCF_020535205.1	Oxford Nanopore PromethION
GCF_020616475.1	Oxford Nanopore
GCF_020616495.1	Oxford Nanopore
GCF_020827555.1	Oxford Nanopore
GCF_020827575.1	Oxford Nanopore
GCF_020827595.1	Oxford Nanopore
GCF_020827615.1	Oxford Nanopore
GCF_020827635.1	Oxford Nanopore
GCF_020827655.1	Oxford Nanopore
GCF_020827895.1	Oxford Nanopore
GCF_020868245.1	PacBio Sequel
GCF_020883235.1	Oxford Nanopore MiniION
GCF_020883255.1	Oxford Nanopore MiniION
GCF_020883275.1	Oxford Nanopore MiniION
GCF_020883295.1	Oxford Nanopore MiniION
GCF_020883315.1	Oxford Nanopore MiniION
GCF_020883335.1	Oxford Nanopore MiniION
GCF_020883355.1	Oxford Nanopore MiniION
GCF_020883375.1	Oxford Nanopore MiniION
GCF_020883395.1	Oxford Nanopore MiniION
GCF_020883515.1	Oxford Nanopore
GCF_020905655.1	Oxford Nanopore PromethION
GCF_020971745.1	Oxford Nanopore MiniION
GCF_020985225.1	PacBio Sequel
GCF_021130395.1	PacBio Sequel
GCF_021130415.1	PacBio Sequel
GCF_021130435.1	PacBio Sequel
GCF_021130455.1	PacBio Sequel
GCF_021130475.1	PacBio Sequel
GCF_021130495.1	PacBio Sequel
GCF_021130515.1	PacBio Sequel
GCF_021130535.1	PacBio Sequel
GCF_021130555.1	PacBio Sequel
GCF_021130575.1	PacBio Sequel
GCF_021130595.1	PacBio Sequel
GCF_021130615.1	PacBio Sequel
GCF_021130635.1	PacBio Sequel
GCF_021130655.1	PacBio Sequel
GCF_021130675.1	PacBio Sequel
GCF_021130695.1	PacBio Sequel
GCF_021130715.1	PacBio Sequel
GCF_021130735.1	PacBio Sequel
GCF_021130755.1	PacBio Sequel
GCF_021130825.1	PacBio Sequel
GCF_021130845.1	PacBio Sequel
GCF_021130865.1	PacBio Sequel
GCF_021130885.1	PacBio Sequel
GCF_021130905.1	PacBio Sequel
GCF_021130925.1	PacBio Sequel
GCF_021130945.1	PacBio Sequel
GCF_021130965.1	PacBio Sequel
GCF_021130985.1	PacBio Sequel
GCF_021131005.1	PacBio Sequel
GCF_021131025.1	PacBio Sequel
GCF_021131045.1	PacBio Sequel
GCF_021131085.1	PacBio Sequel
GCF_021131105.1	PacBio Sequel
GCF_021131125.1	PacBio Sequel
GCF_021131145.1	PacBio Sequel
GCF_021131165.1	PacBio Sequel
GCF_021131185.1	PacBio Sequel
GCF_021131205.1	PacBio Sequel
GCF_021131225.1	PacBio Sequel
GCF_021131245.1	PacBio Sequel
GCF_021131265.1	PacBio Sequel
GCF_021131285.1	PacBio Sequel
GCF_021131305.1	PacBio Sequel
GCF_021131325.1	PacBio Sequel
GCF_021131345.1	PacBio Sequel
GCF_021131365.1	PacBio Sequel
GCF_021131385.1	PacBio Sequel
GCF_021131405.1	PacBio Sequel
GCF_021131425.1	PacBio Sequel
GCF_021131445.1	PacBio Sequel
GCF_021131465.1	PacBio Sequel
GCF_021131485.1	PacBio Sequel
GCF_021131505.1	PacBio Sequel
GCF_021131525.1	PacBio Sequel
GCF_021131545.1	PacBio Sequel
GCF_021131565.1	PacBio Sequel
GCF_021131585.1	PacBio Sequel
GCF_021131605.1	PacBio Sequel
GCF_021131625.1	PacBio Sequel
GCF_021131645.1	PacBio Sequel
GCF_021131665.1	PacBio Sequel
GCF_021131685.1	PacBio Sequel
GCF_021131705.1	PacBio Sequel
GCF_021131725.1	PacBio Sequel
GCF_021131745.1	PacBio Sequel
GCF_021131765.1	PacBio Sequel
GCF_021131785.1	PacBio Sequel
GCF_021131815.1	PacBio Sequel
GCF_021131835.1	PacBio Sequel
GCF_021131855.1	PacBio Sequel
GCF_021131875.1	PacBio Sequel
GCF_021131895.1	PacBio Sequel
GCF_021131915.1	PacBio Sequel
GCF_021131935.1	PacBio Sequel
GCF_021131955.1	PacBio Sequel
GCF_021131975.1	PacBio Sequel
GCF_021131995.1	PacBio Sequel
GCF_021132015.1	PacBio Sequel
GCF_021132035.1	PacBio Sequel
GCF_021132055.1	PacBio Sequel
GCF_021132075.1	PacBio Sequel
GCF_021132095.1	PacBio Sequel
GCF_021132115.1	PacBio Sequel
GCF_021132135.1	PacBio Sequel
GCF_021132155.1	PacBio Sequel
GCF_021132175.1	PacBio Sequel
GCF_021132195.1	PacBio Sequel
GCF_021132215.1	PacBio Sequel
GCF_021132235.1	PacBio Sequel
GCF_021132255.1	PacBio Sequel
GCF_021132275.1	PacBio Sequel
GCF_021132295.1	PacBio Sequel
GCF_021132315.1	PacBio Sequel
GCF_021132335.1	PacBio Sequel
GCF_021132355.1	PacBio Sequel
GCF_021132375.1	PacBio Sequel
GCF_021132395.1	PacBio Sequel
GCF_021132415.1	PacBio Sequel
GCF_021132435.1	PacBio Sequel
GCF_021132455.1	PacBio Sequel
GCF_021132475.1	PacBio Sequel
GCF_021132495.1	PacBio Sequel
GCF_021132515.1	PacBio Sequel
GCF_021132535.1	PacBio Sequel
GCF_021132555.1	PacBio Sequel
GCF_021132575.1	PacBio Sequel
GCF_021132595.1	PacBio Sequel
GCF_021132615.1	PacBio Sequel
GCF_021132635.1	PacBio Sequel
GCF_021132655.1	PacBio Sequel
GCF_021132675.1	PacBio Sequel
GCF_021132695.1	PacBio Sequel
GCF_021132715.1	PacBio Sequel
GCF_021132735.1	PacBio Sequel
GCF_021132755.1	PacBio Sequel
GCF_021132775.1	PacBio Sequel
GCF_021132795.1	PacBio Sequel
GCF_021132815.1	PacBio Sequel
GCF_021132835.1	PacBio Sequel
GCF_021132855.1	PacBio Sequel
GCF_021132875.1	PacBio Sequel
GCF_021132895.1	PacBio Sequel
GCF_021132915.1	PacBio Sequel
GCF_021132935.1	PacBio Sequel
GCF_021132955.1	PacBio Sequel
GCF_021132975.1	PacBio Sequel
GCF_021132995.1	PacBio Sequel
GCF_021133015.1	PacBio Sequel
GCF_021133035.1	PacBio Sequel
GCF_021133055.1	PacBio Sequel
GCF_021133075.1	PacBio Sequel
GCF_021133095.1	PacBio Sequel
GCF_021133115.1	PacBio Sequel
GCF_021133135.1	PacBio Sequel
GCF_021133155.1	PacBio Sequel
GCF_021133175.1	PacBio Sequel
GCF_021133195.1	PacBio Sequel
GCF_021133215.1	PacBio Sequel
GCF_021133235.1	PacBio Sequel
GCF_021133255.1	PacBio Sequel
GCF_021133275.1	PacBio Sequel
GCF_021133295.1	PacBio Sequel
GCF_021133315.1	PacBio Sequel
GCF_021133335.1	PacBio Sequel
GCF_021133355.1	PacBio Sequel
GCF_021133375.1	PacBio Sequel
GCF_021133395.1	PacBio Sequel
GCF_021133415.1	PacBio Sequel
GCF_021133435.1	PacBio Sequel
GCF_021133455.1	PacBio Sequel
GCF_021133475.1	PacBio Sequel
GCF_021133495.1	PacBio Sequel
GCF_021133515.1	PacBio Sequel
GCF_021133535.1	PacBio Sequel
GCF_021307345.1	PacBio
GCF_021498025.2	Oxford Nanopore
GCF_021498145.1	PacBio RSII
GCF_021498165.1	PacBio RSII
GCF_021534845.1	PacBio Sequel
GCF_021534885.1	PacBio Sequel
GCF_021534905.1	PacBio Sequel
GCF_021534925.1	PacBio Sequel
GCF_021534945.1	PacBio Sequel
GCF_021534985.1	PacBio Sequel
GCF_021535005.1	PacBio Sequel
GCF_021535025.1	PacBio Sequel
GCF_022117635.1	PacBio RSII
GCF_022117655.1	PacBio RSII
GCF_022220885.1	PacBio Sequel
GCF_022368815.1	Oxford Nanopore
GCF_022368895.1	Oxford Nanopore
GCF_022369015.1	Oxford Nanopore
GCF_022369175.1	Oxford Nanopore
GCF_022376675.1	PacBio RSII
GCF_022439445.1	PacBio
GCF_022439465.1	PacBio
GCF_022453585.1	Oxford Nanopore
GCF_022488205.1	Oxford Nanopore MinION
GCF_022492975.1	PacBio
GCF_022492995.1	PacBio
GCF_022493015.1	PacBio
GCF_022493115.1	PacBio
GCF_022493155.1	PacBio
GCF_022493175.1	PacBio
GCF_022493195.1	PacBio
GCF_022493215.1	PacBio
GCF_022493235.1	PacBio
GCF_022493255.1	PacBio
GCF_022493275.1	PacBio
GCF_022493295.1	PacBio
GCF_022493315.1	PacBio
GCF_022493335.1	PacBio
GCF_022493355.1	PacBio
GCF_022493375.1	PacBio
GCF_022493395.1	PacBio
GCF_022493415.1	PacBio
GCF_022493435.1	PacBio
GCF_022493455.1	PacBio
GCF_022493475.1	PacBio
GCF_022493495.1	PacBio
GCF_022493515.1	PacBio
GCF_022493535.1	PacBio
GCF_022493555.1	PacBio
GCF_022493575.1	PacBio
GCF_022493595.1	PacBio
GCF_022493615.1	PacBio
GCF_022493635.1	PacBio
GCF_022493655.1	PacBio
GCF_022493675.1	PacBio
GCF_022493695.1	PacBio
GCF_022493715.1	PacBio
GCF_022493735.1	PacBio
GCF_022493755.1	PacBio
GCF_022493775.1	PacBio
GCF_022493795.1	PacBio
GCF_022493815.1	PacBio
GCF_022493835.1	PacBio
GCF_022493855.1	PacBio
GCF_022493875.1	PacBio
GCF_022493895.1	PacBio
GCF_022558625.1	Oxford Nanopore
GCF_022558645.1	Oxford Nanopore
GCF_022558665.1	Oxford Nanopore
GCF_022558685.1	Oxford Nanopore
GCF_022558705.1	Oxford Nanopore
GCF_022558725.1	Oxford Nanopore
GCF_022558745.1	Oxford Nanopore
GCF_022558765.1	Oxford Nanopore
GCF_022558785.1	Oxford Nanopore
GCF_022558805.1	Oxford Nanopore
GCF_022558825.1	Oxford Nanopore
GCF_022558845.1	Oxford Nanopore
GCF_022558865.1	Oxford Nanopore
GCF_022558885.1	Oxford Nanopore
GCF_022558905.1	Oxford Nanopore
GCF_022558945.1	Oxford Nanopore
GCF_022559245.1	Oxford Nanopore
GCF_022559265.1	Oxford Nanopore
GCF_022559285.1	Oxford Nanopore
GCF_022559305.1	Oxford Nanopore
GCF_022559325.1	Oxford Nanopore
GCF_022559805.1	Oxford Nanopore MinION
GCF_022576915.1	PacBio
GCF_022591215.1	PacBio RSII
GCF_022654245.1	PacBio
GCF_022654545.1	PacBio
GCF_022964775.1	Oxford Nanopore PromethION
GCF_022964815.1	Oxford Nanopore PromethION
GCF_022964895.1	Oxford Nanopore PromethION
GCF_022969555.2	Oxford Nanopore MinION
GCF_023022925.1	Oxford Nanopore GridION
GCF_023100765.1	Oxford Nanopore
GCF_023205415.1	Oxford Nanopore GridION
GCF_023272775.1	QitanTech Nanopore
GCF_023272815.1	QitanTech Nanopore
GCF_023277345.1	PacBio
GCF_023370135.1	Oxford Nanopore MinION
GCF_023370175.1	Oxford Nanopore MinION
GCF_023373585.1	PacBio
GCF_023516035.1	Oxford Nanopore MinION
GCF_023516055.1	Oxford Nanopore MinION
GCF_023516075.1	Oxford Nanopore MinION
GCF_023516095.1	Oxford Nanopore MinION
GCF_023516115.1	Oxford Nanopore MinION
GCF_023516135.1	Oxford Nanopore MinION
GCF_023546825.1	Oxford Nanopore MinION
GCF_023546845.1	Oxford Nanopore MinION
GCF_023546865.1	Oxford Nanopore MinION
GCF_023546885.1	Oxford Nanopore MinION
GCF_023657915.1	PacBio Sequel
GCF_023657935.1	PacBio Sequel
GCF_023657955.1	PacBio Sequel
GCF_023657975.1	PacBio Sequel
GCF_023657995.1	PacBio Sequel
GCF_023658015.1	PacBio Sequel
GCF_023658265.1	PacBio Sequel
GCF_023658285.1	PacBio Sequel
GCF_023658305.1	PacBio Sequel
GCF_023658325.1	PacBio Sequel
GCF_023658345.1	PacBio Sequel
GCF_023658365.1	PacBio Sequel
GCF_023658385.1	PacBio Sequel
GCF_023658405.1	PacBio Sequel
GCF_023658425.1	PacBio Sequel
GCF_023921205.1	Nanopore Technology
GCF_024125695.1	Nanopore
GCF_024298465.1	Oxford Nanopore GridION
GCF_024298485.1	Oxford Nanopore GridION
GCF_024298505.1	Oxford Nanopore GridION
GCF_024298525.1	Oxford Nanopore GridION
GCF_024298545.1	Oxford Nanopore GridION
GCF_024298565.1	Oxford Nanopore GridION
GCF_024298705.1	Oxford Nanopore GridION
GCF_024298725.1	Oxford Nanopore GridION
GCF_024298745.1	Oxford Nanopore GridION
GCF_024298765.1	Oxford Nanopore GridION
GCF_024298785.1	Oxford Nanopore GridION
GCF_024467035.1	Oxford Nanopore
GCF_024499305.1	PacBio
GCF_024584645.1	PacBio
GCF_024734835.1	PacBio Sequel
GCF_024760205.1	Oxford Nanopore
GCF_024917235.1	Oxford Nanopore GridION
GCF_024917275.1	Oxford Nanopore GridION
GCF_024917355.1	Oxford Nanopore GridION
GCF_024917375.1	Oxford Nanopore GridION
GCF_024917475.1	Oxford Nanopore GridION
GCF_024917535.1	Oxford Nanopore GridION
GCF_024917655.1	Oxford Nanopore GridION
GCF_024917715.1	Oxford Nanopore GridION
GCF_024917735.1	Oxford Nanopore GridION
GCF_024917795.1	Oxford Nanopore GridION
GCF_024917815.1	Oxford Nanopore GridION
GCF_024917955.1	Oxford Nanopore GridION
GCF_024917995.1	Oxford Nanopore GridION
GCF_024918015.1	Oxford Nanopore GridION
GCF_024918035.1	Oxford Nanopore GridION
GCF_024918135.1	Oxford Nanopore GridION
GCF_024918155.1	Oxford Nanopore GridION
GCF_024918195.1	Oxford Nanopore GridION
GCF_024918275.1	Oxford Nanopore GridION
GCF_024918295.1	Oxford Nanopore GridION
GCF_024918335.1	Oxford Nanopore GridION
GCF_024918375.1	Oxford Nanopore GridION
GCF_024918755.1	Oxford Nanopore GridION
GCF_024918775.1	Oxford Nanopore GridION
GCF_024918815.1	Oxford Nanopore GridION
GCF_024918895.1	Oxford Nanopore GridION
GCF_024918915.1	Oxford Nanopore GridION
GCF_024971795.1	PacBio
GCF_024971815.1	PacBio
GCF_024971875.1	PacBio
GCF_024971895.1	PacBio
GCF_025200555.1	PacBio RSII
GCF_025200615.1	PacBio RSII
GCF_025200635.1	PacBio RSII
GCF_025200675.1	PacBio RSII
GCF_025426175.1	PacBio
GCF_025426195.1	PacBio
GCF_025426235.1	PacBio
GCF_025642235.1	Oxford Nanopore GridION
GCF_025643135.1	PacBio
GCF_025809255.1	Oxford Nanopore MinION
GCF_025908275.1	PacBio
GCF_025946585.1	Oxford Nanopore
GCF_026247825.1	Oxford Nanopore
GCF_026247845.1	Oxford Nanopore
GCF_026247865.1	Oxford Nanopore
GCF_026248845.1	Nanopore MinIon
GCF_026248865.1	Nanopore MinIon
GCF_026248885.1	Nanopore MinIon
GCF_026427755.1	Oxford Nanopore MiniION
GCF_026651085.1	PacBio Sequel
GCF_026651105.1	PacBio Sequel
GCF_026651145.1	PacBio Sequel
GCF_026651165.1	PacBio Sequel
GCF_026651185.1	PacBio Sequel
GCF_026651205.1	PacBio Sequel
GCF_026651225.1	PacBio Sequel
GCF_026651245.1	PacBio Sequel
GCF_026651265.1	PacBio Sequel
GCF_026651285.1	PacBio Sequel
GCF_027474445.1	PacBio
GCF_027474485.1	PacBio
GCF_027944575.1	Oxford Nanopore
GCF_027944595.1	Oxford Nanopore
GCF_027944615.1	Oxford Nanopore
GCF_027944635.1	Oxford Nanopore
GCF_027944655.1	Oxford Nanopore
GCF_027944675.1	Oxford Nanopore
GCF_027944695.1	Oxford Nanopore
GCF_027944715.1	Oxford Nanopore
GCF_027944735.1	Oxford Nanopore
GCF_027944775.1	Oxford Nanopore
GCF_027944795.1	Oxford Nanopore
GCF_027944815.1	Oxford Nanopore
GCF_027944835.1	Oxford Nanopore
GCF_027944855.1	Oxford Nanopore
GCF_027944875.1	Oxford Nanopore
GCF_027944895.1	Oxford Nanopore
GCF_027944915.1	Oxford Nanopore
GCF_027944935.1	Oxford Nanopore
GCF_027944955.1	Oxford Nanopore
GCF_027944995.1	Oxford Nanopore
GCF_027945015.1	Oxford Nanopore
GCF_027945035.1	Oxford Nanopore
GCF_027945055.1	Oxford Nanopore
GCF_027945095.1	Oxford Nanopore PromethION
GCF_027945175.1	PacBio
GCF_027945195.1	Oxford Nanopore GridION
GCF_028471885.1	Oxford Nanopore
GCF_028473305.1	PacBio
GCF_028551585.1	Oxford Nanopore
GCF_028609765.1	PacBio Sequel
GCF_028623045.1	PacBio
GCF_028623065.1	PacBio
GCF_028623085.1	PacBio
GCF_028743555.1	PacBio Sequel IIe
GCF_028898885.1	Oxford Nanopore
GCF_029011945.1	PacBio RS
GCF_029026925.1	PacBio RS
GCF_029224065.1	PacBio Sequel
GCF_029224085.1	PacBio Sequel
GCF_029224105.1	PacBio Sequel
GCF_029224125.1	PacBio Sequel
GCF_029227855.1	PacBio Sequel
GCF_029227875.1	PacBio Sequel
GCF_029227895.1	PacBio Sequel
GCF_029278625.1	PacBio Sequel
GCA_000597845.1	PacBio
GCA_000599625.1	PacBio
GCA_000599645.1	PacBio
GCA_000599665.1	PacBio
GCA_000599685.1	PacBio
GCA_000599705.1	PacBio
GCA_000784925.1	PacBio RSII
GCA_000833635.2	PacBio
GCA_001007915.1	PacBio RS
GCA_001280325.1	PacBio
GCA_001280345.1	PacBio
GCA_001280385.1	PacBio
GCA_001280405.1	PacBio
GCA_001442495.1	PacBio
GCA_001469815.1	PacBio
GCA_001513615.1	PacBio
GCA_001513635.1	PacBio
GCA_001513655.1	PacBio
GCA_001566615.1	PacBio
GCA_001566635.1	PacBio
GCA_001566655.1	PacBio
GCA_001566675.1	PacBio
GCA_001577325.1	PacBio
GCA_001617565.1	PacBio
GCA_001618325.1	PacBio
GCA_001618345.2	PacBio
GCA_001618365.1	PacBio
GCA_001644725.1	PacBio
GCA_001644745.1	PacBio
GCA_001645235.2	PacBio
GCA_001660565.1	PacBio
GCA_001663475.1	PacBio RSII
GCA_001675145.1	PacBio RSII
GCA_001677475.2	PacBio RS
GCA_001677495.1	PacBio RS
GCA_001677515.1	PacBio RS
GCA_001678965.1	PacBio RS
GCA_001682305.2	PacBio
GCA_001683435.1	PacBio
GCA_001693315.1	PacBio RS
GCA_001693635.1	PacBio
GCA_001721205.1	PacBio
GCA_001721225.1	PacBio
GCA_001721525.1	PacBio
GCA_001723505.1	PacBio
GCA_001750845.1	PacBio
GCA_001860505.1	PacBio
GCA_001886935.1	PacBio
GCA_001890205.1	PacBio
GCA_001890225.1	PacBio
GCA_001890245.1	PacBio
GCA_001890265.1	PacBio
GCA_001890285.2	PacBio RSII
GCA_001890305.1	PacBio
GCA_001890325.1	PacBio
GCA_001890345.1	PacBio
GCA_001971765.1	PacBio
GCA_002007705.1	PacBio
GCA_002009315.1	PacBio
GCA_002011945.1	PacBio
GCA_002011965.1	PacBio
GCA_002011985.1	PacBio
GCA_002012005.1	PacBio
GCA_002012025.1	PacBio
GCA_002012045.1	PacBio
GCA_002012065.1	PacBio
GCA_002012085.1	PacBio
GCA_002012105.1	PacBio
GCA_002012125.1	PacBio
GCA_002012145.1	PacBio
GCA_002012165.1	PacBio
GCA_002012185.1	PacBio
GCA_002012205.1	PacBio
GCA_002012225.1	PacBio
GCA_002012245.1	PacBio
GCA_002012265.1	PacBio
GCA_002012305.1	PacBio
GCA_002055605.1	PacBio
GCA_002055635.1	PacBio RSII
GCA_002056065.1	PacBio RSII
GCA_002056145.1	PacBio RSII
GCA_002056635.1	PacBio RSII
GCA_002057245.1	PacBio
GCA_002057355.1	PacBio
GCA_002105735.1	PacBio
GCA_002116715.2	PacBio
GCA_002118095.1	SMRT PacBio
GCA_002142675.1	PacBio
GCA_002142695.1	PacBio
GCA_002142715.1	PacBio
GCA_002156825.1	PacBio
GCA_002156845.1	PacBio
GCA_002157245.1	PacBio
GCA_002163655.1	PacBio
GCA_002163695.1	PacBio
GCA_002163935.1	PacBio
GCA_002163955.1	PacBio
GCA_002180055.1	PacBio RSII
GCA_002180095.1	PacBio RSII
GCA_002180135.1	PacBio RSII
GCA_002180195.1	PacBio RSII
GCA_002180215.1	PacBio RSII
GCA_002180275.1	PacBio RSII
GCA_002192275.1	PacBio RSII
GCA_002192295.1	PacBio RSII
GCA_002193095.1	PacBio
GCA_002196475.1	PacBio
GCA_002196495.1	PacBio
GCA_002201835.1	PacBio RSII
GCA_002202175.1	PacBio RSII
GCA_002211725.1	PacBio
GCA_002214745.2	PacBio
GCA_002215115.1	PacBio
GCA_002220215.1	PacBio
GCA_002220265.1	PacBio
GCA_002249955.1	PacBio
GCA_002278115.2	PacBio
GCA_002285755.1	PacBio
GCA_002302315.1	PacBio
GCA_002302335.1	PacBio
GCA_002310555.1	PacBio
GCA_002310575.1	PacBio
GCA_002310595.1	PacBio
GCA_002310615.1	PacBio
GCA_002310635.1	PacBio
GCA_002310655.1	PacBio
GCA_002310675.1	PacBio
GCA_002310695.1	PacBio
GCA_002310715.1	PacBio
GCA_002310735.1	PacBio
GCA_002587005.1	PacBio
GCA_002741295.1	PacBio
GCA_002741335.1	PacBio
GCA_002741355.1	PacBio
GCA_002741535.1	PacBio
GCA_002741555.1	PacBio
GCA_002761835.1	Nanopore
GCA_002763995.1	PacBio
GCA_002764015.1	PacBio
GCA_002786655.1	PacBio
GCA_002787215.1	PacBio RSII
GCA_002787315.1	PacBio RSII
GCA_002787645.1	PacBio
GCA_002787935.1	PacBio
GCA_002788115.1	PacBio RSII
GCA_002788295.1	PacBio RSII
GCA_002796445.1	PacBio RSII
GCA_002796585.1	PacBio RSII
GCA_002803805.2	PacBio
GCA_002812545.1	PacBio
GCA_002844685.1	PacBio
GCA_002846135.1	PacBio RSII P6-C4
GCA_002848225.1	PacBio
GCA_002853655.1	PacBio
GCA_002853715.1	PacBio
GCA_002853805.1	PacBio
GCA_002853965.1	PacBio
GCA_002854065.1	PacBio
GCA_002855325.1	PacBio
GCA_002855415.1	PacBio
GCA_002860085.1	PacBio
GCA_002860105.1	PacBio
GCA_002863845.1	PacBio
GCA_002893905.2	PacBio
GCA_002899475.1	PacBio
GCA_002903105.1	PacBio RSII
GCA_002903125.1	PacBio RSII
GCA_002925525.1	PacBio
GCA_002934025.1	PacBio
GCA_002934895.1	PacBio RSII
GCA_002948655.1	PacBio RSII
GCA_002951655.1	PacBio
GCA_002951675.1	PacBio
GCA_002951695.1	PacBio
GCA_002951715.1	PacBio
GCA_002951735.1	PacBio
GCA_002951755.1	PacBio
GCA_002951775.1	PacBio
GCA_002951795.1	PacBio
GCA_002952095.1	PacBio
GCA_002952695.1	PacBio
GCA_002953455.1	PacBio RS II with P6-C4 chemistry
GCA_002968935.1	PacBio
GCA_002996945.1	PacBio RSII
GCA_003013205.1	PacBio
GCA_003017375.1	PacBio
GCA_003017455.1	PacBio
GCA_003017555.1	PacBio
GCA_003017615.1	PacBio
GCA_003017675.2	PacBio
GCA_003017765.1	PacBio
GCA_003017805.1	PacBio
GCA_003017915.1	PacBio
GCA_003017935.1	PacBio
GCA_003017955.1	PacBio
GCA_003017975.1	PacBio
GCA_003017995.1	PacBio
GCA_003018015.1	PacBio
GCA_003018035.1	PacBio
GCA_003018055.1	PacBio
GCA_003018075.1	PacBio
GCA_003018095.1	PacBio
GCA_003018115.1	PacBio
GCA_003018135.1	PacBio
GCA_003018155.1	PacBio
GCA_003018195.1	PacBio
GCA_003018215.1	PacBio
GCA_003018235.1	PacBio
GCA_003018255.1	PacBio
GCA_003018275.1	PacBio
GCA_003018315.1	PacBio
GCA_003018335.1	PacBio
GCA_003018355.1	PacBio
GCA_003018375.1	PacBio
GCA_003018395.1	PacBio
GCA_003018435.1	PacBio
GCA_003018455.1	PacBio
GCA_003018475.1	PacBio
GCA_003018495.1	PacBio
GCA_003018535.1	PacBio
GCA_003018555.1	PacBio
GCA_003018575.1	PacBio
GCA_003018595.1	PacBio
GCA_003018615.1	PacBio
GCA_003018635.1	PacBio
GCA_003018655.1	PacBio
GCA_003018695.1	PacBio
GCA_003018715.1	PacBio
GCA_003018755.1	PacBio
GCA_003018775.1	PacBio
GCA_003018795.1	PacBio
GCA_003018815.1	PacBio
GCA_003018835.2	PacBio
GCA_003018855.1	PacBio
GCA_003018875.1	PacBio
GCA_003018895.1	PacBio
GCA_003018915.1	PacBio
GCA_003018935.1	PacBio
GCA_003018955.1	PacBio
GCA_003018995.1	PacBio
GCA_003019015.1	PacBio
GCA_003019035.1	PacBio
GCA_003019055.1	PacBio
GCA_003019075.1	PacBio
GCA_003019095.1	PacBio
GCA_003019115.1	PacBio
GCA_003019155.1	PacBio
GCA_003019175.1	PacBio
GCA_003019195.1	PacBio
GCA_003019215.1	PacBio
GCA_003019235.1	PacBio
GCA_003020885.1	PacBio
GCA_003030025.1	PacBio
GCA_003030245.1	PacBio
GCA_003030365.1	PacBio
GCA_003031735.1	PacBio
GCA_003031775.1	PacBio
GCA_003031795.1	PacBio
GCA_003031815.1	PacBio
GCA_003033905.1	PacBio
GCA_003044015.1	PacBio
GCA_003076395.1	PacBio
GCA_003095635.1	PacBio
GCA_003111785.1	PacBio
GCA_003122105.1	PacBio
GCA_003150815.1	PacBio
GCA_003204155.1	PacBio RSII
GCA_003204955.1	PacBio
GCA_003254065.1	PacBio
GCA_003290205.1	PacBio
GCA_003308955.1	PacBio
GCA_003308975.1	PacBio
GCA_003325975.1	PacBio
GCA_003336405.1	PacBio
GCA_003342715.1	PacBio
GCA_003344465.1	PacBio
GCA_003351485.1	PacBio
GCA_003352425.1	PacBio
GCA_003399775.2	PacBio
GCA_003399795.2	PacBio
GCA_003399845.2	PacBio
GCA_003399885.2	PacBio
GCA_003399895.2	PacBio
GCA_003399945.2	PacBio
GCA_003400045.2	PacBio
GCA_003402955.1	PacBio RSII
GCA_003410275.1	PacBio RSII
GCA_003432305.1	PacBio RSII
GCA_003443795.1	PacBio
GCA_003443815.1	PacBio
GCA_003491165.1	PacBio
GCA_003491265.1	PacBio
GCA_003571665.1	PacBio RSII
GCA_003571685.1	PacBio RSII
GCA_003571765.1	PacBio RSII
GCA_003571785.1	PacBio RSII
GCA_003571825.1	PacBio RSII
GCA_003667385.1	PacBio RSII
GCA_003667405.1	PacBio RSII
GCA_003667425.1	PacBio RSII
GCA_003703795.1	PacBio RSII
GCA_003711005.1	Oxford Nanopore MiniION
GCA_003717595.1	PacBio
GCA_003769125.2	PacBio
GCA_003790525.1	PacBio RSII
GCA_003813145.1	PacBio RSII
GCA_003856995.1	PacBio
GCA_003913055.2	Oxford Nanopore MinION
GCA_003925895.1	PacBio RSII
GCA_003956165.1	PacBio
GCA_003956185.1	PacBio
GCA_003956205.1	PacBio
GCA_003956225.1	PacBio
GCA_003956245.1	PacBio
GCA_003956265.1	PacBio
GCA_003956285.1	PacBio
GCA_003956305.1	PacBio
GCA_003956325.1	PacBio
GCA_003956345.1	PacBio
GCA_003956365.1	PacBio
GCA_003956385.1	PacBio
GCA_003956405.1	PacBio
GCA_003956425.1	PacBio
GCA_003956445.1	PacBio
GCA_003956465.1	PacBio
GCA_003956485.1	PacBio
GCA_003966425.1	PacBio RSII
GCA_003966445.1	PacBio RSII
GCA_003966465.1	PacBio RSII
GCA_003966775.1	PacBio RS II
GCA_003971215.1	Oxford Nanopore MiniION
GCA_003999795.1	Oxford Nanopore MiniION
GCA_004006545.1	PacBio RSII
GCA_004006575.1	PacBio RSII
GCA_004010575.1	PacBio
GCA_004010595.1	PacBio
GCA_004010615.1	PacBio
GCA_004010635.1	PacBio
GCA_004010655.1	PacBio
GCA_004010675.1	PacBio
GCA_004010695.1	PacBio
GCA_004010715.1	PacBio
GCA_004114395.1	Oxford Nanopore MiniION
GCA_004135775.1	PacBio
GCA_004135815.1	PacBio
GCA_004135855.1	PacBio
GCA_004263675.3	Oxford Nanopore MinION
GCA_004281435.2	PacBio
GCA_004301465.1	PacBio Sequel
GCA_004358365.1	PacBio RSII
GCA_004358385.1	PacBio RSII
GCA_004358405.1	PacBio RSII
GCA_004358985.1	PacBio
GCA_004368015.1	PacBio
GCA_004377995.2	PacBio
GCA_004564035.1	PacBio Sequel
GCA_004564175.1	PacBio
GCA_004759025.1	PacBio
GCA_004804185.1	Oxford Nanopore MiniION
GCA_004804205.1	Oxford Nanopore MiniION
GCA_004924255.1	PacBio
GCA_004924275.1	PacBio
GCA_004924355.1	Oxford Nanopore GridION
GCA_005221505.1	PacBio
GCA_005221525.1	PacBio
GCA_005221545.1	PacBio
GCA_005221565.1	PacBio
GCA_005221585.1	PacBio
GCA_005221605.1	PacBio
GCA_005221625.1	PacBio
GCA_005221645.1	PacBio
GCA_005221665.1	PacBio
GCA_005221685.1	PacBio
GCA_005221705.1	PacBio
GCA_005221725.1	PacBio
GCA_005221745.1	PacBio
GCA_005221765.1	PacBio
GCA_005221785.1	PacBio
GCA_005221805.1	PacBio
GCA_005221825.1	PacBio
GCA_005221845.1	PacBio
GCA_005221865.1	PacBio
GCA_005221885.1	PacBio
GCA_005221905.1	PacBio
GCA_005221925.1	PacBio
GCA_005221945.1	PacBio
GCA_005221965.1	PacBio
GCA_005221985.1	PacBio
GCA_005222005.1	PacBio
GCA_005222025.1	PacBio
GCA_005222045.1	PacBio
GCA_005222065.1	PacBio
GCA_005222265.1	PacBio
GCA_005222285.1	PacBio
GCA_005222305.1	PacBio
GCA_005222325.1	PacBio
GCA_005222345.1	PacBio
GCA_005222365.1	PacBio
GCA_005222385.1	PacBio
GCA_005222405.1	PacBio
GCA_005222425.1	PacBio
GCA_005222445.1	PacBio
GCA_005890115.1	PacBio RSII
GCA_006088875.1	PacBio
GCA_006337025.1	PacBio RSII
GCA_006536085.3	Nanopore MinION
GCA_006537505.3	Nanopore MinION
GCA_006777065.1	PacBio
GCA_006777085.1	PacBio
GCA_006965465.1	PacBio RSII
GCA_007012305.1	PacBio Sequel
GCA_007632435.1	PacBio Sequel
GCA_007833875.1	PacBio Sequel
GCA_007954215.2	PacBio
GCA_007997855.1	Oxford Nanopore MiniION
GCA_007998005.1	Oxford Nanopore MiniION
GCA_007998065.1	Oxford Nanopore MiniION
GCA_007998085.1	Oxford Nanopore MiniION
GCA_007998105.1	Oxford Nanopore MiniION
GCA_007998125.1	Oxford Nanopore MiniION
GCA_008027975.1	PacBio
GCA_008033295.1	PacBio
GCA_008033315.1	PacBio
GCA_008064935.1	PacBio
GCA_008064955.1	PacBio
GCA_008064975.1	PacBio
GCA_008065435.1	PacBio RSII
GCA_008065455.1	PacBio RSII
GCA_008080655.1	Oxford Nanopore GridION
GCA_008086485.1	Oxford Nanopore MiniION
GCA_008086505.1	Oxford Nanopore MiniION
GCA_008086525.1	Oxford Nanopore MiniION
GCA_008087645.1	Oxford Nanopore MiniION
GCA_008383145.1	PacBio
GCA_008383225.1	PacBio
GCA_008385205.1	PacBio
GCA_008385335.1	PacBio
GCA_008385405.1	PacBio
GCA_008386375.1	PacBio
GCA_008386415.1	PacBio
GCA_008386435.1	PacBio
GCA_008761455.2	PacBio
GCA_008761475.2	PacBio
GCA_008761495.2	PacBio
GCA_008761515.1	PacBio
GCA_008761535.3	PacBio
GCA_008802895.1	Oxford Nanopore MiniION
GCA_008824125.1	PacBio
GCA_008925965.1	PacBio RSII
GCA_008926085.1	PacBio RSII
GCA_008926105.1	PacBio RSII
GCA_008926125.1	PacBio RSII
GCA_008926145.1	PacBio RSII
GCA_008926165.1	PacBio RSII
GCA_008926185.1	PacBio RSII
GCA_008926305.1	PacBio RSII
GCA_008931135.1	PacBio RSII
GCA_008931185.1	PacBio RSII
GCA_008949495.1	PacBio RSII
GCA_009363035.1	PacBio RSII
GCA_009431955.1	PacBio RSII
GCA_009432215.1	PacBio RSII
GCA_009432415.1	PacBio RSII
GCA_009432635.1	PacBio RSII
GCA_009663855.1	PacBio Sequel
GCA_009664305.1	Oxford Nanopore MiniION
GCA_009720465.1	Oxford Nanopore GridION
GCA_009738455.1	PacBio Sequel
GCA_009762515.1	Oxford Nanopore MiniION
GCA_009832985.1	PacBio Sequel
GCA_009866925.3	PacBio
GCA_009866945.3	PacBio
GCA_009867015.2	PacBio
GCA_009867035.3	PacBio
GCA_009948655.1	PacBio Sequel
GCA_009949145.1	PacBio Sequel
GCA_009949705.1	PacBio Sequel
GCA_009950125.1	PacBio Sequel
GCA_009950475.1	PacBio Sequel
GCA_009950805.1	PacBio Sequel
GCA_009951245.1	PacBio Sequel
GCA_009951745.1	PacBio Sequel
GCA_009952125.1	PacBio Sequel
GCA_010092965.1	Oxford Nanopore GridION
GCA_010231855.1	PacBio
GCA_010272415.1	PacBio
GCA_010272695.1	PacBio
GCA_010272895.1	PacBio
GCA_010273135.1	PacBio
GCA_010365325.1	Oxford Nanopore/illumina minniseq
GCA_010365345.1	Oxford Nanopore/illumina minniseq
GCA_010365365.1	Oxford Nanopore/illumina minniseq
GCA_010365385.1	Oxford Nanopore/illumina minniseq
GCA_010365405.1	Oxford Nanopore/illumina minniseq
GCA_010365425.1	Oxford Nanopore/illumina minniseq
GCA_010365465.1	Oxford Nanopore/illumina minniseq
GCA_010365485.1	Oxford Nanopore/illumina minniseq
GCA_010365505.1	Oxford Nanopore/illumina minniseq
GCA_010365525.1	Oxford Nanopore/illumina minniseq
GCA_010365545.1	Oxford Nanopore/illumina minniseq
GCA_010668985.1	Oxford Nanopore MiniION
GCA_010669005.1	Oxford Nanopore MiniION
GCA_010669025.1	Oxford Nanopore MiniION
GCA_011045215.1	Oxford Nanopore MiniION
GCA_011045235.1	Oxford Nanopore MiniION
GCA_011045255.1	PacBio RSII
GCA_011045275.1	PacBio RSII
GCA_011045295.1	PacBio RSII
GCA_011045455.1	PacBio RSII
GCA_011045475.1	PacBio RSII
GCA_011067085.1	PacBio RSII
GCA_011068325.1	PacBio
GCA_011330935.2	Oxford Nanopore GridION
GCA_011331065.1	Oxford Nanopore GridION
GCA_011331215.2	Oxford Nanopore GridION
GCA_011492925.1	PacBio Sequel
GCA_011769865.1	PacBio Sequel
GCA_011843745.2	Oxford Nanopore MiniION
GCA_011849985.2	Oxford Nanopore MiniION
GCA_011853505.2	Oxford Nanopore MinION
GCA_011853625.2	Oxford Nanopore MinION
GCA_011915165.2	Oxford Nanopore MinION
GCA_011996085.1	Oxford Nanopore
GCA_012015305.2	PacBio Sequel
GCA_012044775.1	Oxford Nanopore MiniION
GCA_012060065.2	PacBio Sequel
GCA_012071365.2	Oxford Nanopore MinION
GCA_012097945.2	Oxford Nanopore MinION
GCA_012098715.2	Oxford Nanopore MinION
GCA_012099675.2	Oxford Nanopore MinION
GCA_012100495.2	Oxford Nanopore MinION
GCA_012100875.2	Oxford Nanopore MinION
GCA_012101175.2	Oxford Nanopore MinION
GCA_012107915.2	Oxford Nanopore MinION
GCA_012108755.2	Oxford Nanopore MinION
GCA_012109035.2	Oxford Nanopore MinION
GCA_012152785.2	Oxford Nanopore MinION
GCA_012184185.2	Oxford Nanopore MinION
GCA_012186145.2	Oxford Nanopore MinION
GCA_012194265.2	Oxford Nanopore MinION
GCA_012218465.2	Oxford Nanopore MinION
GCA_012218485.2	Oxford Nanopore MinION
GCA_012218565.2	Oxford Nanopore MinION
GCA_012218625.2	Oxford Nanopore MinION
GCA_012218685.2	Oxford Nanopore MinION
GCA_012219005.2	Oxford Nanopore MinION
GCA_012219025.2	Oxford Nanopore MinION
GCA_012219045.2	Oxford Nanopore MinION
GCA_012219065.2	Oxford Nanopore MinION
GCA_012219085.2	Oxford Nanopore MinION
GCA_012219425.2	Oxford Nanopore MinION
GCA_012219465.2	Oxford Nanopore MinION
GCA_012220125.2	Oxford Nanopore MinION
GCA_012220445.2	Oxford Nanopore MinION
GCA_012220465.2	Oxford Nanopore MinION
GCA_012221765.2	Oxford Nanopore MinION
GCA_012242025.2	Oxford Nanopore MinION
GCA_012391955.2	Oxford Nanopore MinION
GCA_012880295.2	Oxford Nanopore MinION
GCA_012935215.1	PacBio RS
GCA_012974805.1	PacBio Sequel
GCA_013112335.1	Oxford Nanopore MiniION
GCA_013122565.1	Oxford Nanopore MiniION
GCA_013166855.1	PacBio RSII
GCA_013166875.1	PacBio RSII
GCA_013166895.1	PacBio RSII
GCA_013166915.1	PacBio RSII
GCA_013166935.1	PacBio RSII
GCA_013166955.1	PacBio RSII
GCA_013166995.1	PacBio RSII
GCA_013167035.1	PacBio RSII
GCA_013167055.1	PacBio RSII
GCA_013167075.1	PacBio RSII
GCA_013201505.1	Oxford Nanopore MiniION
GCA_013201525.1	Oxford Nanopore MiniION
GCA_013357365.1	PacBio
GCA_013376515.1	PacBio RSII
GCA_013388275.1	PacBio Sequel
GCA_013389615.1	PacBio
GCA_013391825.1	PacBio
GCA_013393825.1	Oxford Nanopore GridION
GCA_013459015.1	PacBio
GCA_013459175.1	PacBio
GCA_013694325.1	PacBio Sequel
GCA_013694465.1	PacBio Sequel
GCA_014075335.1	Oxford Nanopore MiniION
GCA_014075475.1	Oxford Nanopore MiniION
GCA_014075595.1	Oxford Nanopore MiniION
GCA_014075795.1	Oxford Nanopore MiniION
GCA_014075915.1	Oxford Nanopore MiniION
GCA_014170595.1	Oxford Nanopore MinION
GCA_014170615.1	Oxford Nanopore MinION
GCA_014170675.1	Oxford Nanopore MinION
GCA_014170695.1	Oxford Nanopore MinION
GCA_014170715.1	Oxford Nanopore MinION
GCA_014170735.1	Oxford Nanopore MinION
GCA_014170945.1	Oxford Nanopore MinION
GCA_014170975.1	Oxford Nanopore MinION
GCA_014295215.1	Oxford Nanopore MiniION
GCA_014295235.1	Oxford Nanopore MiniION
GCA_014295255.1	Oxford Nanopore MiniION
GCA_014295275.1	Oxford Nanopore MiniION
GCA_014295295.1	Oxford Nanopore MiniION
GCA_014295315.1	Oxford Nanopore MiniION
GCA_014605875.1	PacBio
GCA_014607515.1	PacBio
GCA_014825845.1	PacBio RSII
GCA_015033265.1	PacBio
GCA_015241315.1	PacBio Sequel
GCA_015241535.1	PacBio Sequel
GCA_015241835.1	PacBio Sequel
GCA_015242035.1	PacBio Sequel
GCA_015242275.1	PacBio Sequel
GCA_015242435.1	PacBio Sequel
GCA_015242675.1	PacBio Sequel
GCA_015244435.1	PacBio RS
GCA_015649805.1	PacBio Sequel
GCA_015843075.1	PacBio
GCA_016132505.1	PacBio RSII
GCA_016404405.2	Oxford Nanopore MinION
GCA_016598635.1	PacBio Sequel
GCA_016767925.1	PacBio
GCA_016775805.1	Oxford Nanopore MiniION
GCA_016775825.1	Oxford Nanopore MiniION
GCA_016775845.1	Oxford Nanopore MiniION
GCA_016775865.1	Oxford Nanopore MiniION
GCA_016775885.1	Oxford Nanopore MiniION
GCA_016775905.1	Oxford Nanopore MiniION
GCA_016775925.1	Oxford Nanopore MiniION
GCA_016775945.1	Oxford Nanopore MiniION
GCA_016775965.1	Oxford Nanopore MiniION
GCA_016775985.1	Oxford Nanopore MiniION
GCA_016776005.1	Oxford Nanopore MiniION
GCA_016776025.1	Oxford Nanopore MiniION
GCA_016776045.1	Oxford Nanopore MiniION
GCA_016776065.1	Oxford Nanopore MiniION
GCA_016776085.1	Oxford Nanopore MiniION
GCA_016776105.1	Oxford Nanopore MiniION
GCA_016776125.1	Oxford Nanopore MiniION
GCA_016776145.1	Oxford Nanopore MiniION
GCA_016776165.1	Oxford Nanopore MiniION
GCA_016776185.1	Oxford Nanopore MiniION
GCA_016776205.1	Oxford Nanopore MiniION
GCA_016776225.1	Oxford Nanopore MiniION
GCA_016776245.1	Oxford Nanopore MiniION
GCA_016776265.1	Oxford Nanopore MiniION
GCA_016776285.1	Oxford Nanopore MiniION
GCA_016776305.1	Oxford Nanopore MiniION
GCA_016776325.1	Oxford Nanopore MiniION
GCA_016776345.1	Oxford Nanopore MiniION
GCA_016776365.1	Oxford Nanopore MiniION
GCA_016776385.1	Oxford Nanopore MiniION
GCA_016779865.1	Oxford Nanopore MiniION
GCA_016780285.1	Oxford Nanopore MiniION
GCA_016780415.1	Oxford Nanopore MiniION
GCA_016780575.1	Oxford Nanopore MiniION
GCA_016780725.1	Oxford Nanopore MinION
GCA_016806005.1	PacBio
GCA_016806025.1	PacBio
GCA_016806045.1	PacBio
GCA_016925075.1	PacBio
GCA_016925095.1	PacBio
GCA_016925115.1	PacBio
GCA_016939795.1	PacBio Sequel
GCA_017348835.2	Oxford Nanopore
GCA_017357565.1	PacBio RSII
GCA_017357765.1	PacBio RSII
GCA_017603565.1	Oxford Nanopore MinION
GCA_017868515.1	PacBio
GCA_018064225.1	Oxford Nanopore GridION
GCA_018075285.1	PacBio
GCA_018075305.1	PacBio
GCA_018199975.1	Oxford Nanopore
GCA_018223665.1	PacBio Sequel
GCA_018316615.1	Oxford Nanopore
GCA_018343835.1	Oxford Nanopore MinION
GCA_018417715.1	PacBio
GCA_018460065.1	PacBio Sequel
GCA_018499845.2	Oxford Nanopore GridION
GCA_018771685.1	PacBio Sequel
GCA_018884265.1	PacBio RSII
GCA_018884285.1	PacBio RSII
GCA_018884305.1	PacBio RSII
GCA_018884325.1	PacBio RSII
GCA_018884345.1	PacBio RSII
GCA_018884365.1	PacBio RSII
GCA_018884385.1	PacBio RSII
GCA_018884405.1	PacBio RSII
GCA_018884425.1	PacBio RSII
GCA_018884465.1	PacBio RSII
GCA_018884485.1	PacBio RSII
GCA_018884505.1	PacBio RSII
GCA_018884525.1	PacBio RSII
GCA_018884545.1	PacBio RSII
GCA_018884565.1	PacBio RSII
GCA_018884585.1	PacBio RSII
GCA_018966845.1	PacBio
GCA_018968645.1	Oxford Nanopore GridION
GCA_018972205.1	Oxford Nanopore MiniION
GCA_018972225.1	Oxford Nanopore MiniION
GCA_018972245.1	Oxford Nanopore MiniION
GCA_018972265.1	Oxford Nanopore MiniION
GCA_019334645.1	PacBio
GCA_019334665.1	PacBio
GCA_019375055.2	Oxford Nanopore PromethION
GCA_019431145.1	Oxford Nanopore GridION
GCA_019431165.1	Oxford Nanopore GridION
GCA_019431185.1	Oxford Nanopore GridION
GCA_019478765.2	Oxford Nanopore MinION
GCA_019551055.2	Oxford Nanopore MinION
GCA_019552665.2	Oxford Nanopore MinION
GCA_019844035.1	Oxford Nanopore
GCA_019884625.1	Oxford Nanopore MinION
GCA_019915505.1	PacBio Sequel
GCA_019915525.1	PacBio Sequel
GCA_019915545.1	PacBio Sequel
GCA_019969485.1	Oxford Nanopore MiniION
GCA_019969505.1	Oxford Nanopore MiniION
GCA_019969525.1	Oxford Nanopore MiniION
GCA_019969545.1	Oxford Nanopore MiniION
GCA_019969565.1	Oxford Nanopore MiniION
GCA_019969585.1	Oxford Nanopore MiniION
GCA_019969605.1	Oxford Nanopore MiniION
GCA_019969625.1	Oxford Nanopore MiniION
GCA_019969645.1	Oxford Nanopore MiniION
GCA_019970895.1	Oxford Nanopore MiniION
GCA_019970955.1	Oxford Nanopore MiniION
GCA_019970975.1	Oxford Nanopore MiniION
GCA_019970995.1	Oxford Nanopore MiniION
GCA_019971015.1	Oxford Nanopore MiniION
GCA_019971035.1	Oxford Nanopore MiniION
GCA_019971055.1	Oxford Nanopore MiniION
GCA_019971075.1	Oxford Nanopore MiniION
GCA_019971115.1	Oxford Nanopore MiniION
GCA_019976835.1	PacBio RSII
GCA_019976915.1	PacBio RSII
GCA_020091645.1	Nanopore
GCA_020190405.1	PacBio Sequel
GCA_020298785.2	Oxford Nanopore MinION
GCA_020388055.1	Oxford Nanopore MinION
GCA_020410845.1	Oxford Nanopore
GCA_020526825.1	Oxford Nanopore GridION/DNBSEQ
GCA_020535205.1	Oxford Nanopore PromethION
GCA_020616475.1	Oxford Nanopore
GCA_020616495.1	Oxford Nanopore
GCA_020684805.1	Nanopore
GCA_020827555.1	Oxford Nanopore
GCA_020827575.1	Oxford Nanopore
GCA_020827595.1	Oxford Nanopore
GCA_020827615.1	Oxford Nanopore
GCA_020827635.1	Oxford Nanopore
GCA_020827655.1	Oxford Nanopore
GCA_020827895.1	Oxford Nanopore
GCA_020868245.1	PacBio Sequel
GCA_020883235.1	Oxford Nanopore MiniION
GCA_020883255.1	Oxford Nanopore MiniION
GCA_020883275.1	Oxford Nanopore MiniION
GCA_020883295.1	Oxford Nanopore MiniION
GCA_020883315.1	Oxford Nanopore MiniION
GCA_020883335.1	Oxford Nanopore MiniION
GCA_020883355.1	Oxford Nanopore MiniION
GCA_020883375.1	Oxford Nanopore MiniION
GCA_020883395.1	Oxford Nanopore MiniION
GCA_020883515.1	Oxford Nanopore
GCA_020905655.1	Oxford Nanopore PromethION
GCA_020971745.1	Oxford Nanopore MiniION
GCA_020985225.1	PacBio Sequel
GCA_021049165.1	Oxford Nanopore MinION
GCA_021130395.1	PacBio Sequel
GCA_021130415.1	PacBio Sequel
GCA_021130435.1	PacBio Sequel
GCA_021130455.1	PacBio Sequel
GCA_021130475.1	PacBio Sequel
GCA_021130495.1	PacBio Sequel
GCA_021130515.1	PacBio Sequel
GCA_021130535.1	PacBio Sequel
GCA_021130555.1	PacBio Sequel
GCA_021130575.1	PacBio Sequel
GCA_021130595.1	PacBio Sequel
GCA_021130615.1	PacBio Sequel
GCA_021130635.1	PacBio Sequel
GCA_021130655.1	PacBio Sequel
GCA_021130675.1	PacBio Sequel
GCA_021130695.1	PacBio Sequel
GCA_021130715.1	PacBio Sequel
GCA_021130735.1	PacBio Sequel
GCA_021130755.1	PacBio Sequel
GCA_021130825.1	PacBio Sequel
GCA_021130845.1	PacBio Sequel
GCA_021130865.1	PacBio Sequel
GCA_021130885.1	PacBio Sequel
GCA_021130905.1	PacBio Sequel
GCA_021130925.1	PacBio Sequel
GCA_021130945.1	PacBio Sequel
GCA_021130965.1	PacBio Sequel
GCA_021130985.1	PacBio Sequel
GCA_021131005.1	PacBio Sequel
GCA_021131025.1	PacBio Sequel
GCA_021131045.1	PacBio Sequel
GCA_021131085.1	PacBio Sequel
GCA_021131105.1	PacBio Sequel
GCA_021131125.1	PacBio Sequel
GCA_021131145.1	PacBio Sequel
GCA_021131165.1	PacBio Sequel
GCA_021131185.1	PacBio Sequel
GCA_021131205.1	PacBio Sequel
GCA_021131225.1	PacBio Sequel
GCA_021131245.1	PacBio Sequel
GCA_021131265.1	PacBio Sequel
GCA_021131285.1	PacBio Sequel
GCA_021131305.1	PacBio Sequel
GCA_021131325.1	PacBio Sequel
GCA_021131345.1	PacBio Sequel
GCA_021131365.1	PacBio Sequel
GCA_021131385.1	PacBio Sequel
GCA_021131405.1	PacBio Sequel
GCA_021131425.1	PacBio Sequel
GCA_021131445.1	PacBio Sequel
GCA_021131465.1	PacBio Sequel
GCA_021131485.1	PacBio Sequel
GCA_021131505.1	PacBio Sequel
GCA_021131525.1	PacBio Sequel
GCA_021131545.1	PacBio Sequel
GCA_021131565.1	PacBio Sequel
GCA_021131585.1	PacBio Sequel
GCA_021131605.1	PacBio Sequel
GCA_021131625.1	PacBio Sequel
GCA_021131645.1	PacBio Sequel
GCA_021131665.1	PacBio Sequel
GCA_021131685.1	PacBio Sequel
GCA_021131705.1	PacBio Sequel
GCA_021131725.1	PacBio Sequel
GCA_021131745.1	PacBio Sequel
GCA_021131765.1	PacBio Sequel
GCA_021131785.1	PacBio Sequel
GCA_021131815.1	PacBio Sequel
GCA_021131835.1	PacBio Sequel
GCA_021131855.1	PacBio Sequel
GCA_021131875.1	PacBio Sequel
GCA_021131895.1	PacBio Sequel
GCA_021131915.1	PacBio Sequel
GCA_021131935.1	PacBio Sequel
GCA_021131955.1	PacBio Sequel
GCA_021131975.1	PacBio Sequel
GCA_021131995.1	PacBio Sequel
GCA_021132015.1	PacBio Sequel
GCA_021132035.1	PacBio Sequel
GCA_021132055.1	PacBio Sequel
GCA_021132075.1	PacBio Sequel
GCA_021132095.1	PacBio Sequel
GCA_021132115.1	PacBio Sequel
GCA_021132135.1	PacBio Sequel
GCA_021132155.1	PacBio Sequel
GCA_021132175.1	PacBio Sequel
GCA_021132195.1	PacBio Sequel
GCA_021132215.1	PacBio Sequel
GCA_021132235.1	PacBio Sequel
GCA_021132255.1	PacBio Sequel
GCA_021132275.1	PacBio Sequel
GCA_021132295.1	PacBio Sequel
GCA_021132315.1	PacBio Sequel
GCA_021132335.1	PacBio Sequel
GCA_021132355.1	PacBio Sequel
GCA_021132375.1	PacBio Sequel
GCA_021132395.1	PacBio Sequel
GCA_021132415.1	PacBio Sequel
GCA_021132435.1	PacBio Sequel
GCA_021132455.1	PacBio Sequel
GCA_021132475.1	PacBio Sequel
GCA_021132495.1	PacBio Sequel
GCA_021132515.1	PacBio Sequel
GCA_021132535.1	PacBio Sequel
GCA_021132555.1	PacBio Sequel
GCA_021132575.1	PacBio Sequel
GCA_021132595.1	PacBio Sequel
GCA_021132615.1	PacBio Sequel
GCA_021132635.1	PacBio Sequel
GCA_021132655.1	PacBio Sequel
GCA_021132675.1	PacBio Sequel
GCA_021132695.1	PacBio Sequel
GCA_021132715.1	PacBio Sequel
GCA_021132735.1	PacBio Sequel
GCA_021132755.1	PacBio Sequel
GCA_021132775.1	PacBio Sequel
GCA_021132795.1	PacBio Sequel
GCA_021132815.1	PacBio Sequel
GCA_021132835.1	PacBio Sequel
GCA_021132855.1	PacBio Sequel
GCA_021132875.1	PacBio Sequel
GCA_021132895.1	PacBio Sequel
GCA_021132915.1	PacBio Sequel
GCA_021132935.1	PacBio Sequel
GCA_021132955.1	PacBio Sequel
GCA_021132975.1	PacBio Sequel
GCA_021132995.1	PacBio Sequel
GCA_021133015.1	PacBio Sequel
GCA_021133035.1	PacBio Sequel
GCA_021133055.1	PacBio Sequel
GCA_021133075.1	PacBio Sequel
GCA_021133095.1	PacBio Sequel
GCA_021133115.1	PacBio Sequel
GCA_021133135.1	PacBio Sequel
GCA_021133155.1	PacBio Sequel
GCA_021133175.1	PacBio Sequel
GCA_021133195.1	PacBio Sequel
GCA_021133215.1	PacBio Sequel
GCA_021133235.1	PacBio Sequel
GCA_021133255.1	PacBio Sequel
GCA_021133275.1	PacBio Sequel
GCA_021133295.1	PacBio Sequel
GCA_021133315.1	PacBio Sequel
GCA_021133335.1	PacBio Sequel
GCA_021133355.1	PacBio Sequel
GCA_021133375.1	PacBio Sequel
GCA_021133395.1	PacBio Sequel
GCA_021133415.1	PacBio Sequel
GCA_021133435.1	PacBio Sequel
GCA_021133455.1	PacBio Sequel
GCA_021133475.1	PacBio Sequel
GCA_021133495.1	PacBio Sequel
GCA_021133515.1	PacBio Sequel
GCA_021133535.1	PacBio Sequel
GCA_021307345.1	PacBio
GCA_021365575.1	PacBio Sequel
GCA_021365955.1	PacBio Sequel
GCA_021365975.1	PacBio Sequel
GCA_021365995.1	PacBio Sequel
GCA_021366015.1	PacBio Sequel
GCA_021366035.1	PacBio Sequel
GCA_021366055.1	PacBio Sequel
GCA_021366075.1	PacBio Sequel
GCA_021461415.1	PacBio RSII
GCA_021461435.1	PacBio RSII
GCA_021461455.1	PacBio RSII
GCA_021461475.1	PacBio RSII
GCA_021461495.1	PacBio RSII
GCA_021461515.1	PacBio RSII
GCA_021461535.1	PacBio RSII
GCA_021461555.1	PacBio RSII
GCA_021461575.1	PacBio RSII
GCA_021461595.1	PacBio RSII
GCA_021461615.1	PacBio RSII
GCA_021461635.1	PacBio RSII
GCA_021461745.1	PacBio RSII
GCA_021461805.1	PacBio RSII
GCA_021461855.1	PacBio RSII
GCA_021461875.1	PacBio RSII
GCA_021461895.1	PacBio RSII
GCA_021461915.1	PacBio RSII
GCA_021461935.1	PacBio RSII
GCA_021461965.1	PacBio RSII
GCA_021462025.1	PacBio RSII
GCA_021462065.1	PacBio RSII
GCA_021462085.1	PacBio RSII
GCA_021462105.1	PacBio RSII
GCA_021462125.1	PacBio RSII
GCA_021462145.1	PacBio RSII
GCA_021462165.1	PacBio RSII
GCA_021498025.2	Oxford Nanopore
GCA_021498145.1	PacBio RSII
GCA_021498165.1	PacBio RSII
GCA_021534845.1	PacBio Sequel
GCA_021534885.1	PacBio Sequel
GCA_021534905.1	PacBio Sequel
GCA_021534925.1	PacBio Sequel
GCA_021534945.1	PacBio Sequel
GCA_021534985.1	PacBio Sequel
GCA_021535005.1	PacBio Sequel
GCA_021535025.1	PacBio Sequel
GCA_021559635.1	PacBio RSII
GCA_021559655.1	PacBio RSII
GCA_021562195.1	PacBio RSII
GCA_022117635.1	PacBio RSII
GCA_022117655.1	PacBio RSII
GCA_022220885.1	PacBio Sequel
GCA_022368815.1	Oxford Nanopore
GCA_022368895.1	Oxford Nanopore
GCA_022369015.1	Oxford Nanopore
GCA_022369175.1	Oxford Nanopore
GCA_022376675.1	PacBio RSII
GCA_022439445.1	PacBio
GCA_022439465.1	PacBio
GCA_022453585.1	Oxford Nanopore
GCA_022488185.1	Oxford Nanopore MinION
GCA_022488205.1	Oxford Nanopore MinION
GCA_022492975.1	PacBio
GCA_022492995.1	PacBio
GCA_022493015.1	PacBio
GCA_022493115.1	PacBio
GCA_022493135.1	PacBio
GCA_022493155.1	PacBio
GCA_022493175.1	PacBio
GCA_022493195.1	PacBio
GCA_022493215.1	PacBio
GCA_022493235.1	PacBio
GCA_022493255.1	PacBio
GCA_022493275.1	PacBio
GCA_022493295.1	PacBio
GCA_022493315.1	PacBio
GCA_022493335.1	PacBio
GCA_022493355.1	PacBio
GCA_022493375.1	PacBio
GCA_022493395.1	PacBio
GCA_022493415.1	PacBio
GCA_022493435.1	PacBio
GCA_022493455.1	PacBio
GCA_022493475.1	PacBio
GCA_022493495.1	PacBio
GCA_022493515.1	PacBio
GCA_022493535.1	PacBio
GCA_022493555.1	PacBio
GCA_022493575.1	PacBio
GCA_022493595.1	PacBio
GCA_022493615.1	PacBio
GCA_022493635.1	PacBio
GCA_022493655.1	PacBio
GCA_022493675.1	PacBio
GCA_022493695.1	PacBio
GCA_022493715.1	PacBio
GCA_022493735.1	PacBio
GCA_022493755.1	PacBio
GCA_022493775.1	PacBio
GCA_022493795.1	PacBio
GCA_022493815.1	PacBio
GCA_022493835.1	PacBio
GCA_022493855.1	PacBio
GCA_022493875.1	PacBio
GCA_022493895.1	PacBio
GCA_022557295.1	Oxford Nanopore MinION
GCA_022558625.1	Oxford Nanopore
GCA_022558645.1	Oxford Nanopore
GCA_022558665.1	Oxford Nanopore
GCA_022558685.1	Oxford Nanopore
GCA_022558705.1	Oxford Nanopore
GCA_022558725.1	Oxford Nanopore
GCA_022558745.1	Oxford Nanopore
GCA_022558765.1	Oxford Nanopore
GCA_022558785.1	Oxford Nanopore
GCA_022558805.1	Oxford Nanopore
GCA_022558825.1	Oxford Nanopore
GCA_022558845.1	Oxford Nanopore
GCA_022558865.1	Oxford Nanopore
GCA_022558885.1	Oxford Nanopore
GCA_022558905.1	Oxford Nanopore
GCA_022558945.1	Oxford Nanopore
GCA_022559245.1	Oxford Nanopore
GCA_022559265.1	Oxford Nanopore
GCA_022559285.1	Oxford Nanopore
GCA_022559305.1	Oxford Nanopore
GCA_022559325.1	Oxford Nanopore
GCA_022559805.1	Oxford Nanopore MinION
GCA_022576915.1	PacBio
GCA_022591215.1	PacBio RSII
GCA_022654245.1	PacBio
GCA_022654545.1	PacBio
GCA_022760255.1	Oxford Nanopore MinION
GCA_022811625.1	PacBio
GCA_022964775.1	Oxford Nanopore PromethION
GCA_022964815.1	Oxford Nanopore PromethION
GCA_022964895.1	Oxford Nanopore PromethION
GCA_022969555.2	Oxford Nanopore MinION
GCA_023022885.1	Oxford Nanopore GridION
GCA_023022905.1	Oxford Nanopore GridION
GCA_023022925.1	Oxford Nanopore GridION
GCA_023098635.2	Nanopore
GCA_023099305.2	Nanopore
GCA_023099565.2	Nanopore
GCA_023099705.2	Nanopore
GCA_023099865.2	Nanopore
GCA_023100045.2	Oxford Nanopore GridION
GCA_023100765.1	Oxford Nanopore
GCA_023205415.1	Oxford Nanopore GridION
GCA_023272775.1	QitanTech Nanopore
GCA_023272815.1	QitanTech Nanopore
GCA_023277345.1	PacBio
GCA_023370135.1	Oxford Nanopore MinION
GCA_023370175.1	Oxford Nanopore MinION
GCA_023373585.1	PacBio
GCA_023516035.1	Oxford Nanopore MinION
GCA_023516055.1	Oxford Nanopore MinION
GCA_023516075.1	Oxford Nanopore MinION
GCA_023516095.1	Oxford Nanopore MinION
GCA_023516115.1	Oxford Nanopore MinION
GCA_023516135.1	Oxford Nanopore MinION
GCA_023546825.1	Oxford Nanopore MinION
GCA_023546845.1	Oxford Nanopore MinION
GCA_023546865.1	Oxford Nanopore MinION
GCA_023546885.1	Oxford Nanopore MinION
GCA_023657915.1	PacBio Sequel
GCA_023657935.1	PacBio Sequel
GCA_023657955.1	PacBio Sequel
GCA_023657975.1	PacBio Sequel
GCA_023657995.1	PacBio Sequel
GCA_023658015.1	PacBio Sequel
GCA_023658265.1	PacBio Sequel
GCA_023658285.1	PacBio Sequel
GCA_023658305.1	PacBio Sequel
GCA_023658325.1	PacBio Sequel
GCA_023658345.1	PacBio Sequel
GCA_023658365.1	PacBio Sequel
GCA_023658385.1	PacBio Sequel
GCA_023658405.1	PacBio Sequel
GCA_023658425.1	PacBio Sequel
GCA_023921205.1	Nanopore Technology
GCA_024125695.1	Nanopore
GCA_024298465.1	Oxford Nanopore GridION
GCA_024298485.1	Oxford Nanopore GridION
GCA_024298505.1	Oxford Nanopore GridION
GCA_024298525.1	Oxford Nanopore GridION
GCA_024298545.1	Oxford Nanopore GridION
GCA_024298565.1	Oxford Nanopore GridION
GCA_024298705.1	Oxford Nanopore GridION
GCA_024298725.1	Oxford Nanopore GridION
GCA_024298745.1	Oxford Nanopore GridION
GCA_024298765.1	Oxford Nanopore GridION
GCA_024298785.1	Oxford Nanopore GridION
GCA_024467035.1	Oxford Nanopore
GCA_024499305.1	PacBio
GCA_024499325.1	PacBio Sequel
GCA_024499345.1	PacBio Sequel
GCA_024499365.1	PacBio Sequel
GCA_024499385.1	PacBio Sequel
GCA_024499405.1	PacBio Sequel
GCA_024499425.1	PacBio Sequel
GCA_024499445.1	PacBio Sequel
GCA_024499465.1	PacBio Sequel
GCA_024499485.1	PacBio Sequel
GCA_024499505.1	PacBio Sequel
GCA_024584645.1	PacBio
GCA_024734835.1	PacBio Sequel
GCA_024760205.1	Oxford Nanopore
GCA_024917235.1	Oxford Nanopore GridION
GCA_024917275.1	Oxford Nanopore GridION
GCA_024917355.1	Oxford Nanopore GridION
GCA_024917375.1	Oxford Nanopore GridION
GCA_024917475.1	Oxford Nanopore GridION
GCA_024917535.1	Oxford Nanopore GridION
GCA_024917655.1	Oxford Nanopore GridION
GCA_024917715.1	Oxford Nanopore GridION
GCA_024917735.1	Oxford Nanopore GridION
GCA_024917795.1	Oxford Nanopore GridION
GCA_024917815.1	Oxford Nanopore GridION
GCA_024917955.1	Oxford Nanopore GridION
GCA_024917995.1	Oxford Nanopore GridION
GCA_024918015.1	Oxford Nanopore GridION
GCA_024918035.1	Oxford Nanopore GridION
GCA_024918135.1	Oxford Nanopore GridION
GCA_024918155.1	Oxford Nanopore GridION
GCA_024918195.1	Oxford Nanopore GridION
GCA_024918275.1	Oxford Nanopore GridION
GCA_024918295.1	Oxford Nanopore GridION
GCA_024918335.1	Oxford Nanopore GridION
GCA_024918375.1	Oxford Nanopore GridION
GCA_024918755.1	Oxford Nanopore GridION
GCA_024918775.1	Oxford Nanopore GridION
GCA_024918815.1	Oxford Nanopore GridION
GCA_024918895.1	Oxford Nanopore GridION
GCA_024918915.1	Oxford Nanopore GridION
GCA_024971795.1	PacBio
GCA_024971815.1	PacBio
GCA_024971875.1	PacBio
GCA_024971895.1	PacBio
GCA_025200555.1	PacBio RSII
GCA_025200615.1	PacBio RSII
GCA_025200635.1	PacBio RSII
GCA_025200675.1	PacBio RSII
GCA_025426175.1	PacBio
GCA_025426195.1	PacBio
GCA_025426235.1	PacBio
GCA_025642235.1	Oxford Nanopore GridION
GCA_025643135.1	PacBio
GCA_025757665.1	PacBio Sequel II
GCA_025809255.1	Oxford Nanopore MinION
GCA_025908275.1	PacBio
GCA_025946585.1	Oxford Nanopore
GCA_026016605.1	PacBio RSII
GCA_026210655.1	Oxford Nanopore MiniION
GCA_026210675.1	Oxford Nanopore MiniION
GCA_026210695.1	Oxford Nanopore MiniION
GCA_026210715.1	Oxford Nanopore MiniION
GCA_026247825.1	Oxford Nanopore
GCA_026247845.1	Oxford Nanopore
GCA_026247865.1	Oxford Nanopore
GCA_026248845.1	Nanopore MinIon
GCA_026248865.1	Nanopore MinIon
GCA_026248885.1	Nanopore MinIon
GCA_026427755.1	Oxford Nanopore MiniION
GCA_026651085.1	PacBio Sequel
GCA_026651105.1	PacBio Sequel
GCA_026651145.1	PacBio Sequel
GCA_026651165.1	PacBio Sequel
GCA_026651185.1	PacBio Sequel
GCA_026651205.1	PacBio Sequel
GCA_026651225.1	PacBio Sequel
GCA_026651245.1	PacBio Sequel
GCA_026651265.1	PacBio Sequel
GCA_026651285.1	PacBio Sequel
GCA_027474425.1	PacBio
GCA_027474445.1	PacBio
GCA_027474485.1	PacBio
GCA_027944575.1	Oxford Nanopore
GCA_027944595.1	Oxford Nanopore
GCA_027944615.1	Oxford Nanopore
GCA_027944635.1	Oxford Nanopore
GCA_027944655.1	Oxford Nanopore
GCA_027944675.1	Oxford Nanopore
GCA_027944695.1	Oxford Nanopore
GCA_027944715.1	Oxford Nanopore
GCA_027944735.1	Oxford Nanopore
GCA_027944775.1	Oxford Nanopore
GCA_027944795.1	Oxford Nanopore
GCA_027944815.1	Oxford Nanopore
GCA_027944835.1	Oxford Nanopore
GCA_027944855.1	Oxford Nanopore
GCA_027944875.1	Oxford Nanopore
GCA_027944895.1	Oxford Nanopore
GCA_027944915.1	Oxford Nanopore
GCA_027944935.1	Oxford Nanopore
GCA_027944955.1	Oxford Nanopore
GCA_027944995.1	Oxford Nanopore
GCA_027945015.1	Oxford Nanopore
GCA_027945035.1	Oxford Nanopore
GCA_027945055.1	Oxford Nanopore
GCA_027945095.1	Oxford Nanopore PromethION
GCA_027945175.1	PacBio
GCA_027945195.1	Oxford Nanopore GridION
GCA_028471885.1	Oxford Nanopore
GCA_028473305.1	PacBio
GCA_028551585.1	Oxford Nanopore
GCA_028609765.1	PacBio Sequel
GCA_028623045.1	PacBio
GCA_028623065.1	PacBio
GCA_028623085.1	PacBio
GCA_028743555.1	PacBio Sequel IIe
GCA_028898885.1	Oxford Nanopore
GCA_029011945.1	PacBio RS
GCA_029026925.1	PacBio RS
GCA_029224065.1	PacBio Sequel
GCA_029224085.1	PacBio Sequel
GCA_029224105.1	PacBio Sequel
GCA_029224125.1	PacBio Sequel
GCA_029227835.1	PacBio Sequel
GCA_029227855.1	PacBio Sequel
GCA_029227875.1	PacBio Sequel
GCA_029227895.1	PacBio Sequel
GCA_029278625.1	PacBio Sequel
GCA_029369645.1	Oxford Nanopore MinION
GCF_001021635.2	PacBio
GCA_001021635.2	PacBio
GCF_003591595.1	PacBio
GCA_003591595.1	PacBio
GCF_001559615.2	PacBio
GCF_001559635.1	PacBio
GCA_001559615.2	PacBio
GCA_001559635.1	PacBio
GCF_013166975.1	PacBio RSII
GCF_014263375.1	PacBio Sequel CLR
GCA_013166975.1	PacBio RSII
GCA_014263375.1	PacBio Sequel CLR
GCF_013167015.1	PacBio RSII
GCA_013167015.1	PacBio RSII
GCF_002079225.1	PacBio
GCA_002079225.1	PacBio
GCF_003697165.2	Oxford Nanopore MiniION
GCA_003697165.2	Oxford Nanopore MiniION
GCF_000167875.2	PacBio RSII
GCA_000167875.2	PacBio RSII
GCF_000800215.1	PacBio RSII
GCA_000800215.1	PacBio RSII
GCF_001593565.1	PacBio
GCA_001593565.1	PacBio
GCF_000974405.1	PacBio
GCF_000974465.1	PacBio
GCF_000974505.1	PacBio
GCF_000974535.1	PacBio
GCF_000974575.1	PacBio
GCF_000974825.1	PacBio
GCF_000974865.1	PacBio
GCF_000974885.1	PacBio
GCF_001559655.1	PacBio
GCF_001559675.1	PacBio
GCF_009832885.1	Oxford Nanopore
GCA_000974405.1	PacBio
GCA_000974465.1	PacBio
GCA_000974505.1	PacBio
GCA_000974535.1	PacBio
GCA_000974575.1	PacBio
GCA_000974825.1	PacBio
GCA_000974865.1	PacBio
GCA_000974885.1	PacBio
GCA_001559655.1	PacBio
GCA_001559675.1	PacBio
GCA_009832885.1	Oxford Nanopore
GCA_015290945.1	Oxford Nanopore MinION
GCF_021398935.1	Oxford Nanopore GridION
GCA_021398935.1	Oxford Nanopore GridION
GCF_003546975.1	PacBio
GCA_003546975.1	PacBio
GCF_002024865.1	PacBio
GCA_002024865.1	PacBio
GCF_000464955.2	PacBio
GCA_000464955.2	PacBio
GCF_000986765.1	PacBio
GCA_000986765.1	PacBio
GCF_002741255.1	PacBio
GCA_002741255.1	PacBio
GCF_002741455.1	PacBio
GCA_002741455.1	PacBio
GCF_014607535.1	PacBio RSII
GCF_014607555.1	PacBio RSII
GCF_014607575.1	PacBio RSII
GCF_014622965.1	PacBio RSII
GCF_014622985.1	PacBio RSII
GCF_014623185.1	PacBio RSII
GCF_014623205.1	PacBio RSII
GCF_014623225.1	PacBio RSII
GCF_014623245.1	PacBio RSII
GCF_014623405.1	PacBio RSII
GCF_014623425.1	PacBio RSII
GCA_014607535.1	PacBio RSII
GCA_014607555.1	PacBio RSII
GCA_014607575.1	PacBio RSII
GCA_014622965.1	PacBio RSII
GCA_014622985.1	PacBio RSII
GCA_014623185.1	PacBio RSII
GCA_014623205.1	PacBio RSII
GCA_014623225.1	PacBio RSII
GCA_014623245.1	PacBio RSII
GCA_014623405.1	PacBio RSII
GCA_014623425.1	PacBio RSII
GCF_015697215.1	PacBio RSII
GCA_015697215.1	PacBio RSII
GCF_008462425.1	PacBio RSII
GCF_008727135.1	PacBio RSII
GCF_008727155.1	PacBio RSII
GCF_008727175.1	PacBio RSII
GCF_008727195.1	PacBio RSII
GCA_008462425.1	PacBio RSII
GCA_008727135.1	PacBio RSII
GCA_008727155.1	PacBio RSII
GCA_008727175.1	PacBio RSII
GCA_008727195.1	PacBio RSII
GCF_000618005.3	PacBio
GCA_000618005.3	PacBio
GCF_001307215.1	PacBio
GCF_001558995.2	PacBio
GCF_001651925.2	PacBio
GCF_001651945.2	PacBio
GCF_001651965.2	PacBio
GCF_001695515.1	PacBio
GCF_001753445.1	PacBio
GCF_001753465.1	PacBio
GCF_001753485.1	PacBio
GCF_001753505.1	PacBio
GCF_001753525.1	PacBio
GCF_001753545.1	PacBio
GCF_001753565.1	PacBio
GCF_001865295.1	PacBio
GCF_004118915.1	PacBio RSII
GCF_005885915.1	PacBio
GCF_005885955.1	PacBio
GCF_007922655.1	PacBio
GCF_009627495.1	PacBio RSII
GCF_013167135.1	PacBio RSII
GCF_013167155.1	PacBio RSII
GCF_013167175.1	PacBio RSII
GCF_013167195.1	PacBio RSII
GCF_013167235.1	PacBio RSII
GCF_013167275.1	PacBio RSII
GCF_013167295.1	PacBio RSII
GCF_013167315.1	PacBio RSII
GCF_013167335.1	PacBio RSII
GCF_013167355.1	PacBio RSII
GCF_013167375.1	PacBio RSII
GCF_013167395.1	PacBio RSII
GCF_013167415.1	PacBio RSII
GCF_013167435.1	PacBio RSII
GCF_013167455.1	PacBio RSII
GCF_013167475.1	PacBio RSII
GCF_013167495.1	PacBio RSII
GCF_013167515.1	PacBio RSII
GCF_013167535.1	PacBio RSII
GCF_013167555.1	PacBio RSII
GCF_013167575.1	PacBio RSII
GCF_013167595.1	PacBio RSII
GCF_013167615.1	PacBio RSII
GCF_013167635.1	PacBio RSII
GCF_013167675.1	PacBio RSII
GCF_013167695.1	PacBio RSII
GCF_013167715.1	PacBio RSII
GCF_013167735.1	PacBio RSII
GCF_013167755.1	PacBio RSII
GCF_013167775.1	PacBio RSII
GCF_013167795.1	PacBio RSII
GCF_013167815.1	PacBio RSII
GCF_013167875.1	PacBio RSII
GCF_013168035.1	PacBio RSII
GCF_013168055.1	PacBio RSII
GCF_013168075.1	PacBio RSII
GCF_013168095.1	PacBio RSII
GCF_013168115.1	PacBio RSII
GCF_013168135.1	PacBio RSII
GCF_013168155.1	PacBio RSII
GCF_013168175.1	PacBio RSII
GCF_013168195.1	PacBio RSII
GCF_013168215.1	PacBio RSII
GCF_013168235.1	PacBio RSII
GCF_013168255.1	PacBio RSII
GCF_013343595.1	PacBio RSII
GCF_013343635.1	PacBio RSII
GCF_015353135.1	PacBio
GCF_017164755.1	PacBio RSII
GCF_017164775.1	PacBio RSII
GCF_017164795.1	PacBio RSII
GCF_017164815.1	PacBio RSII
GCF_017164835.1	PacBio RSII
GCF_017164855.1	PacBio RSII
GCF_017164875.1	PacBio RSII
GCF_017164895.1	PacBio RSII
GCF_017164915.1	PacBio RSII
GCF_017164935.1	PacBio RSII
GCF_017164955.1	PacBio RSII
GCF_017164975.1	PacBio RSII
GCF_017164995.1	PacBio RSII
GCF_017165015.1	PacBio RSII
GCF_017165035.1	PacBio RSII
GCF_017165055.1	PacBio RSII
GCF_017165075.1	PacBio RSII
GCF_017165095.1	PacBio RSII
GCF_017165115.1	PacBio RSII
GCF_017165135.1	PacBio RSII
GCF_017165155.1	PacBio RSII
GCF_017165215.1	PacBio RSII
GCF_017165235.1	PacBio RSII
GCF_017165255.1	PacBio RSII
GCF_017165275.1	PacBio RSII
GCF_017165295.1	PacBio RSII
GCF_017165315.1	PacBio RSII
GCF_017165335.1	PacBio RSII
GCF_017165355.1	PacBio RSII
GCF_017165375.1	PacBio RSII
GCF_017165395.1	PacBio RSII
GCF_017165415.1	PacBio RSII
GCF_017165435.1	PacBio RSII
GCF_017165455.1	PacBio RSII
GCF_017357545.1	PacBio RSII
GCF_021184105.1	PacBioRSII
GCF_021184125.1	PacBioRSII
GCF_025252345.1	PacBio Sequel
GCF_025252445.1	PacBio Sequel
GCA_001307215.1	PacBio
GCA_001558995.2	PacBio
GCA_001651925.2	PacBio
GCA_001651945.2	PacBio
GCA_001651965.2	PacBio
GCA_001695515.1	PacBio
GCA_001753445.1	PacBio
GCA_001753465.1	PacBio
GCA_001753485.1	PacBio
GCA_001753505.1	PacBio
GCA_001753525.1	PacBio
GCA_001753545.1	PacBio
GCA_001753565.1	PacBio
GCA_001865295.1	PacBio
GCA_004118915.1	PacBio RSII
GCA_005885915.1	PacBio
GCA_005885955.1	PacBio
GCA_007922655.1	PacBio
GCA_009627495.1	PacBio RSII
GCA_011068385.1	PacBio
GCA_013167135.1	PacBio RSII
GCA_013167155.1	PacBio RSII
GCA_013167175.1	PacBio RSII
GCA_013167195.1	PacBio RSII
GCA_013167235.1	PacBio RSII
GCA_013167275.1	PacBio RSII
GCA_013167295.1	PacBio RSII
GCA_013167315.1	PacBio RSII
GCA_013167335.1	PacBio RSII
GCA_013167355.1	PacBio RSII
GCA_013167375.1	PacBio RSII
GCA_013167395.1	PacBio RSII
GCA_013167415.1	PacBio RSII
GCA_013167435.1	PacBio RSII
GCA_013167455.1	PacBio RSII
GCA_013167475.1	PacBio RSII
GCA_013167495.1	PacBio RSII
GCA_013167515.1	PacBio RSII
GCA_013167535.1	PacBio RSII
GCA_013167555.1	PacBio RSII
GCA_013167575.1	PacBio RSII
GCA_013167595.1	PacBio RSII
GCA_013167615.1	PacBio RSII
GCA_013167635.1	PacBio RSII
GCA_013167675.1	PacBio RSII
GCA_013167695.1	PacBio RSII
GCA_013167715.1	PacBio RSII
GCA_013167735.1	PacBio RSII
GCA_013167755.1	PacBio RSII
GCA_013167775.1	PacBio RSII
GCA_013167795.1	PacBio RSII
GCA_013167815.1	PacBio RSII
GCA_013167875.1	PacBio RSII
GCA_013168035.1	PacBio RSII
GCA_013168055.1	PacBio RSII
GCA_013168075.1	PacBio RSII
GCA_013168095.1	PacBio RSII
GCA_013168115.1	PacBio RSII
GCA_013168135.1	PacBio RSII
GCA_013168155.1	PacBio RSII
GCA_013168175.1	PacBio RSII
GCA_013168195.1	PacBio RSII
GCA_013168215.1	PacBio RSII
GCA_013168235.1	PacBio RSII
GCA_013168255.1	PacBio RSII
GCA_013343595.1	PacBio RSII
GCA_013343635.1	PacBio RSII
GCA_015353135.1	PacBio
GCA_016834635.1	PacBio Sequel
GCA_016834675.1	PacBio Sequel
GCA_016834695.1	PacBio Sequel
GCA_016834715.1	PacBio Sequel
GCA_016834735.1	PacBio Sequel
GCA_016834755.1	PacBio Sequel
GCA_016834775.1	PacBio Sequel
GCA_016834795.1	PacBio Sequel
GCA_016834815.1	PacBio Sequel
GCA_016834835.1	PacBio Sequel
GCA_016834855.1	PacBio Sequel
GCA_016834875.1	PacBio Sequel
GCA_016834895.1	PacBio Sequel
GCA_016834915.1	PacBio Sequel
GCA_016834935.1	PacBio Sequel
GCA_016834955.1	PacBio Sequel
GCA_016834975.1	PacBio Sequel
GCA_016834995.1	PacBio Sequel
GCA_016835015.1	PacBio Sequel
GCA_016835035.1	PacBio Sequel
GCA_016835055.1	PacBio Sequel
GCA_016835075.1	PacBio Sequel
GCA_016835095.1	PacBio Sequel
GCA_017164755.1	PacBio RSII
GCA_017164775.1	PacBio RSII
GCA_017164795.1	PacBio RSII
GCA_017164815.1	PacBio RSII
GCA_017164835.1	PacBio RSII
GCA_017164855.1	PacBio RSII
GCA_017164875.1	PacBio RSII
GCA_017164895.1	PacBio RSII
GCA_017164915.1	PacBio RSII
GCA_017164935.1	PacBio RSII
GCA_017164955.1	PacBio RSII
GCA_017164975.1	PacBio RSII
GCA_017164995.1	PacBio RSII
GCA_017165015.1	PacBio RSII
GCA_017165035.1	PacBio RSII
GCA_017165055.1	PacBio RSII
GCA_017165075.1	PacBio RSII
GCA_017165095.1	PacBio RSII
GCA_017165115.1	PacBio RSII
GCA_017165135.1	PacBio RSII
GCA_017165155.1	PacBio RSII
GCA_017165215.1	PacBio RSII
GCA_017165235.1	PacBio RSII
GCA_017165255.1	PacBio RSII
GCA_017165275.1	PacBio RSII
GCA_017165295.1	PacBio RSII
GCA_017165315.1	PacBio RSII
GCA_017165335.1	PacBio RSII
GCA_017165355.1	PacBio RSII
GCA_017165375.1	PacBio RSII
GCA_017165395.1	PacBio RSII
GCA_017165415.1	PacBio RSII
GCA_017165435.1	PacBio RSII
GCA_017165455.1	PacBio RSII
GCA_017357545.1	PacBio RSII
GCA_021184105.1	PacBioRSII
GCA_021184125.1	PacBioRSII
GCA_025252345.1	PacBio Sequel
GCA_025252445.1	PacBio Sequel
GCF_022558925.1	Oxford Nanopore
GCA_022558925.1	Oxford Nanopore
GCF_013167655.1	PacBio RSII
GCA_013167655.1	PacBio RSII
GCF_002741215.1	PacBio
GCA_002741215.1	PacBio
GCF_014770655.1	PacBio Sequel
GCA_014770655.1	PacBio Sequel
GCF_002741435.1	PacBio
GCF_002741495.1	PacBio
GCA_002741435.1	PacBio
GCA_002741495.1	PacBio
GCF_021398955.1	Oxford Nanopore GridION
GCA_021398955.1	Oxford Nanopore GridION
GCF_002741595.1	PacBio
GCA_002741595.1	PacBio
GCF_002741275.1	PacBio
GCA_002741275.1	PacBio
GCF_004771135.1	PacBio
GCA_004771135.1	PacBio
GCF_014770895.1	PacBio Sequel
GCA_014770895.1	PacBio Sequel
GCF_014771275.1	PacBio Sequel
GCA_014771275.1	PacBio Sequel
GCF_006777045.1	PacBio
GCA_006777045.1	PacBio
GCF_009728565.1	PacBio
GCF_023518355.1	PacBio RSII
GCA_009728565.1	PacBio
GCA_023518355.1	PacBio RSII
GCF_021398485.1	Oxford Nanopore GridION
GCA_021398485.1	Oxford Nanopore GridION
GCF_002741315.1	PacBio
GCA_002741315.1	PacBio
GCF_021398995.1	Oxford Nanopore GridION
GCA_021398995.1	Oxford Nanopore GridION
GCF_002741175.1	PacBio
GCA_002741175.1	PacBio
GCF_001874485.1	PacBio
GCA_001874485.1	PacBio
GCF_015277555.1	PacBio Sequel
GCF_024917335.1	Oxford Nanopore GridION
GCF_024917455.1	Oxford Nanopore GridION
GCF_024917895.1	Oxford Nanopore GridION
GCF_024917975.1	Oxford Nanopore GridION
GCF_024918115.1	Oxford Nanopore GridION
GCF_024918235.1	Oxford Nanopore GridION
GCF_024918395.1	Oxford Nanopore GridION
GCF_024918415.1	Oxford Nanopore GridION
GCA_015277555.1	PacBio Sequel
GCA_024917335.1	Oxford Nanopore GridION
GCA_024917455.1	Oxford Nanopore GridION
GCA_024917895.1	Oxford Nanopore GridION
GCA_024917975.1	Oxford Nanopore GridION
GCA_024918115.1	Oxford Nanopore GridION
GCA_024918235.1	Oxford Nanopore GridION
GCA_024918395.1	Oxford Nanopore GridION
GCA_024918415.1	Oxford Nanopore GridION
GCF_002741475.1	PacBio
GCA_002741475.1	PacBio
GCF_021399015.1	Oxford Nanopore GridION
GCA_021399015.1	Oxford Nanopore GridION
GCF_000618905.3	PacBio
GCA_000618905.3	PacBio
GCF_021398465.1	Oxford Nanopore GridION
GCA_021398465.1	Oxford Nanopore GridION
GCF_013167255.1	PacBio RSII
GCF_013167935.1	PacBio RSII
GCF_013167975.1	PacBio RSII
GCF_013167995.1	PacBio RSII
GCF_013168015.1	PacBio RSII
GCF_013343615.1	PacBio RSII
GCA_013167255.1	PacBio RSII
GCA_013167935.1	PacBio RSII
GCA_013167975.1	PacBio RSII
GCA_013167995.1	PacBio RSII
GCA_013168015.1	PacBio RSII
GCA_013343615.1	PacBio RSII
GCF_014771055.1	PacBio Sequel
GCA_014771055.1	PacBio Sequel
GCF_002269325.1	PacBio
GCF_002741195.1	PacBio
GCF_002741515.1	PacBio
GCF_002741575.1	PacBio
GCA_002269325.1	PacBio
GCA_002741195.1	PacBio
GCA_002741515.1	PacBio
GCA_002741575.1	PacBio
GCF_021398975.1	Oxford Nanopore GridION
GCA_021398975.1	Oxford Nanopore GridION
GCF_000801205.1	PacBio
GCF_001566335.1	PacBio
GCF_003627195.1	PacBio RSII
GCA_000801205.1	PacBio
GCA_001566335.1	PacBio
GCA_003627195.1	PacBio RSII
GCF_001610755.1	PacBio
GCA_001610755.1	PacBio
GCF_018884445.1	PacBio RSII
GCA_018884445.1	PacBio RSII
